Period_1,Period_2,Period_3,Period_4,Period_5,Period_6,Period_7,Period_8,Period_9,Period_10,Period_11,Period_12,Period_13,Period_14,Period_15,Period_16
1,0,0,0,0,0,0,0,0,0,0,0,0,0,0,0
0,0,0,0,2.5,0,0,0,0,0,0,0,0,0,0,0
0,0,0,0,0,0,0,0,0,2.5,0,0,0,0,0,0
,,2.5,0,0,0,0,0,0,0,0,0,0,0,0,0
3,0,0,0,0,0,0,0,0,0,0,0,0,0,0,0
3,0,0,0,0,0,0,0,0,0,0,0,0,0,0,0
0,0,0,0,0,0,0,0,0,0,3,0,0,0,0,0
0,0,0,0,0,0,0,0,0,0,0,0,0,0,0,3
3,0,0,0,0,0,0,0,0,0,0,0,0,0,0,0
4,0,0,0,0,0,0,0,0,0,0,0,0,0,0,0
,,,,,,,,,0,0,0,0,0,4,0
4.5,0,0,0,0,0,0,0,0,0,0,0,0,0,0,0
,,,,,,,,0,0,0,0,4.5,0,0,0
0,0,5,0,0,0,0,0,0,0,0,0,0,0,0,0
0,0,5,0,0,0,0,0,0,0,0,0,0,0,0,0
0,0,5,0,0,0,0,0,0,0,0,0,0,0,0,0
0,0,0,0,5,0,0,0,0,0,0,0,0,0,0,0
0,0,0,0,0,0,5,0,0,0,0,0,0,0,0,0
0,5,0,0,0,0,0,0,0,0,0,0,0,0,0,0
0,0,0,0,0,0,0,0,0,0,5,0,0,0,0,0
0,5,0,0,0,0,0,0,0,0,0,0,0,0,0,0
0,0,5,0,0,0,0,0,0,0,0,0,0,0,0,0
0,0,0,0,5,0,0,0,0,0,0,0,0,0,0,0
,0,0,0,5,0,0,0,0,0,0,0,0,0,0,0
,,0,0,5,0,0,0,0,0,0,0,0,0,0,0
,,,,5,0,0,0,0,0,0,0,0,0,0,0
,,,,,,5,0,0,0,0,0,0,0,0,0
,,,,,,,,5,0,0,0,0,0,0,0
0,0,0,0,0,0,0,0,0,0,0,0,0,0,6,0
6,0,0,0,0,0,0,0,0,0,0,0,0,0,0,0
0,0,6,0,0,0,0,0,0,0,0,0,0,0,0,0
,,,,,,,0,6,0,0,0,0,0,0,0
,,,,,,,,,,,0,6,0,0,0
,,,,,,,,,,,,6,0,0,0
,,,,,,,,,,,,0,6,0,0
,,,,,,,,,,,,,,,6
,,,,,,,,,,,,,,,6
0,0,0,0,0,0,0,0,7.5,0,0,0,0,0,0,0
,,,,,,,,,,,,,0,7.5,0
,,,,,,,,,,,,,,,7.8
0,0,0,0,0,5,0,0,0,3,0,0,0,0,0,0
0,0,0,0,0,0,0,0,8.5,0,0,0,0,0,0,0
,,,,,,,,0,8.5,0,0,0,0,0,0
0,0,3,0,0,0,0,0,0,0,6,0,0,0,0,0
4.5,4.5,0,0,0,0,0,0,0,0,0,0,0,0,0,0
0,9,0,0,0,0,0,0,0,0,0,0,0,0,0,0
0,0,0,0,0,9,0,0,0,0,0,0,0,0,0,0
,,,,,,0,4.5,0,0,4.5,0,0,0,0,0
0,0,0,0,0,0,0,9.5,0,0,0,0,0,0,0,0
0,0,0,0,0,0,0,0,10,0,0,0,0,0,0,0
0,0,0,0,0,0,0,0,0,0,10,0,0,0,0,0
10,0,0,0,0,0,0,0,0,0,0,0,0,0,0,0
0,0,0,0,0,0,0,0,0,0,0,0,10,0,0,0
0,10,0,0,0,0,0,0,0,0,0,0,0,0,0,0
0,10,0,0,0,0,0,0,0,0,0,0,0,0,0,0
0,5,0,0,5,0,0,0,0,0,0,0,0,0,0,0
0,0,0,0,0,10,0,0,0,0,0,0,0,0,0,0
0,0,0,0,0,0,0,10,0,0,0,0,0,0,0,0
0,10,0,0,0,0,0,0,0,0,0,0,0,0,0,0
,,0,0,0,10,0,0,0,0,0,0,0,0,0,0
,,10,0,0,0,0,0,0,0,0,0,0,0,0,0
,,,0,10,0,0,0,0,0,0,0,0,0,0,0
,,,,,,0,0,0,0,0,0,0,10,0,0
,,,,,,,,,0,0,10,0,0,0,0
0,0,0,0,0,0,0,0,0,0,0,0,6,0,6,0
,,,,,,,,,,,,,,,12
,,,0,5,0,0,0,0,8.5,0,0,0,0,0,0
6,8,0,0,0,0,0,0,0,0,0,0,0,0,0,0
,,,,,,,,,14.5,0,0,0,0,0,0
15,0,0,0,0,0,0,0,0,0,0,0,0,0,0,0
0,0,0,0,0,0,15,0,0,0,0,0,0,0,0,0
15,0,0,0,0,0,0,0,0,0,0,0,0,0,0,0
0,5,0,0,0,0,0,0,0,0,0,0,0,10,0,0
0,15,0,0,0,0,0,0,0,0,0,0,0,0,0,0
0,0,0,0,0,0,0,0,0,0,0,0,0,15,0,0
15,0,0,0,0,0,0,0,0,0,0,0,0,0,0,0
0,0,0,0,5,10,0,0,0,0,0,0,0,0,0,0
,,,,,,,,,,,,,0,15.6,0
,,,,,,,,0,0,0,0,0,0,15.8,0
0,0,5,0,0,0,0,0,0,0,0,0,6,0,5,0
0,0,0,0,0,5,0,0,0,0,0,6,0,0,0,5
16,0,0,0,0,0,0,0,0,0,0,0,0,0,0,0
,,,0,16,0,0,0,0,0,0,0,0,0,0,0
,,,,,,,,,0,0,6,0,0,5,5
0,0,0,0,0,0,0,0,8.5,8.5,0,0,0,0,0,0
0,0,0,0,0,0,0,0,0,0,0,0,13.05,0,0,4
,,,,,,,,,,,,,,17.3,0
0,0,6,0,0,0,2.5,0,0,0,0,0,9,0,0,0
,,,,,,,,,17.5,0,0,0,0,0,0
12,6,0,0,0,0,0,0,0,0,0,0,0,0,0,0
,,,,,0,0,18,0,0,0,0,0,0,0,0
,,,,,,,,0,0,0,12,0,6,0,0
0,0,0,0,0,0,0,0,0,0,0,0,0,0,0,18.3
,,,,,,,,,0,0,0,7.47,11.27,0,0
0,0,0,0,0,3,0,0,3,0,0,13,0,0,0,0
19.5,0,0,0,0,0,0,0,0,0,0,0,0,0,0,0
0,0,0,0,0,0,0,0,0,0,0,0,13.5,6,0,0
0,0,0,0,0,20,0,0,0,0,0,0,0,0,0,0
0,0,0,0,0,20,0,0,0,0,0,0,0,0,0,0
20,0,0,0,0,0,0,0,0,0,0,0,0,0,0,0
0,20,0,0,0,0,0,0,0,0,0,0,0,0,0,0
5,0,0,0,5,10,0,0,0,0,0,0,0,0,0,0
0,20,0,0,0,0,0,0,0,0,0,0,0,0,0,0
10,0,0,0,0,0,0,0,0,0,0,0,0,10,0,0
0,21.5,0,0,0,0,0,0,0,0,0,0,0,0,0,0
,,,,,,,,,,16.5,5,0,0,0,0
22,0,0,0,0,0,0,0,0,0,0,0,0,0,0,0
,0,0,0,0,22,0,0,0,0,0,0,0,0,0,0
,,,,,,,,,,,,0,6,16.5,0
,,,,,,,,,,,,,22.5,0,0
11,0,0,0,12,0,0,0,0,0,0,0,0,0,0,0
,,,,,,,,17,0,6,0,0,0,0,0
,,,,,,,,,,,,,,,23.75
0,10,14,0,0,0,0,0,0,0,0,0,0,0,0,0
0,0,0,0,0,0,0,0,0,0,0,0,0,24.48,0,0
0,4.5,0,0,0,0,0,0,15,0,0,0,5,0,0,0
0,0,0,0,0,0,0,0,0,25,0,0,0,0,0,0
25,0,0,0,0,0,0,0,0,0,0,0,0,0,0,0
,,,,,,,0,0,0,0,25,0,0,0,0
,,,,,,,,0,0,0,0,0,0,25,0
,,,,,,,,,,,,,,,25
0,0,0,0,0,25.15,0,0,0,0,0,0,0,0,0,0
0,0,6,0,0,0,0,0,0,0,0,0,0,0,20,0
,,,,,,5,0,0,5,0,6,0,0,10,0
,,,,,,,,,,,0,20,6,0,0
,,,,,,,,,,,,,,4.5,22
0,27,0,0,0,0,0,0,0,0,0,0,0,0,0,0
,,,,,,,,,,,,,27.5,0,0
,,,,,,0,29,0,0,0,0,0,0,0,0
,,,,,,,,0,0,0,0,0,29,0,0
0,29.5,0,0,0,0,0,0,0,0,0,0,0,0,0,0
,,,,,,,,,,,,,,,29.5
0,30,0,0,0,0,0,0,0,0,0,0,0,0,0,0
0,0,0,0,0,0,0,0,0,30,0,0,0,0,0,0
0,0,0,0,0,0,0,0,0,0,0,0,30,0,0,0
0,0,0,0,0,0,0,30,0,0,0,0,0,0,0,0
0,0,0,0,0,0,0,0,30,0,0,0,0,0,0,0
0,0,0,0,0,0,0,0,30,0,0,0,0,0,0,0
30,0,0,0,0,0,0,0,0,0,0,0,0,0,0,0
0,0,30,0,0,0,0,0,0,0,0,0,0,0,0,0
,,30,0,0,0,0,0,0,0,0,0,0,0,0,0
,,,,,30,0,0,0,0,0,0,0,0,0,0
,,,,,,,,0,0,30,0,0,0,0,0
,,,,,,,,6,6,0,6,0,0,12,0
,,,,,,,,,,,,,,,30
,,,,,,,,,,,,,,24,7.8
0,0,3,0,0,29,0,0,0,0,0,0,0,0,0,0
,,,,,,,,0,0,0,32,0,0,0,0
22.5,0,0,0,0,0,0,0,10,0,0,0,0,0,0,0
,,,,,,,0,0,0,0,0,0,33,0,0
,,,,,,,,,5,0,0,6,0,7.5,15
4.5,0,30,0,0,0,0,0,0,0,0,0,0,0,0,0
,,,,,,,,,,,,,,34.8,0
12,18,0,0,5,0,0,0,0,0,0,0,0,0,0,0
,,0,0,0,35,0,0,0,0,0,0,0,0,0,0
,,,,,,,,,35.6,0,0,0,0,0,0
0,0,36,0,0,0,0,0,0,0,0,0,0,0,0,0
0,0,0,0,0,6,6,6,0,12,0,0,0,6,0,0
0,0,0,0,36,0,0,0,0,0,0,0,0,0,0,0
21,0,0,0,0,15.5,0,0,0,0,0,0,0,0,0,0
0,0,0,0,0,0,0,0,8.5,0,0,0,0,0,29,0
0,0,0,0,0,0,0,38.5,0,0,0,0,0,0,0,0
0,39,0,0,0,0,0,0,0,0,0,0,0,0,0,0
0,0,0,0,0,0,39,0,0,0,0,0,0,0,0,0
39,0,0,0,0,0,0,0,0,0,0,0,0,0,0,0
0,39,0,0,0,0,0,0,0,0,0,0,0,0,0,0
39,0,0,0,0,0,0,0,0,0,0,0,0,0,0,0
39,0,0,0,0,0,0,0,0,0,0,0,0,0,0,0
0,0,0,0,0,0,0,0,0,0,0,0,0,0,39,0
,,,,,,0,0,0,39,0,0,0,0,0,0
,,,,,,,,0,0,0,0,39,0,0,0
,,,,,,,,0,0,0,0,39,0,0,0
,,,,,39.78,0,0,0,0,0,0,0,0,0,0
0,0,0,0,0,0,0,0,0,0,0,0,0,0,40,0
0,0,0,0,0,0,0,0,0,0,0,0,0,40,0,0
0,40,0,0,0,0,0,0,0,0,0,0,0,0,0,0
0,0,40,0,0,0,0,0,0,0,0,0,0,0,0,0
0,0,0,0,40,0,0,0,0,0,0,0,0,0,0,0
0,0,40,0,0,0,0,0,0,0,0,0,0,0,0,0
0,40,0,0,0,0,0,0,0,0,0,0,0,0,0,0
0,0,0,0,40,0,0,0,0,0,0,0,0,0,0,0
,,,,,,,,0,0,0,0,0,0,40,0
7.5,0,0,0,0,0,0,0,20,0,0,0,3,10,0,0
21,20,0,0,0,0,0,0,0,0,0,0,0,0,0,0
3,0,8,0,0,0,0,0,0,0,0,0,0,0,30,0
25,16,0,0,0,0,0,0,0,0,0,0,0,0,0,0
0,0,0,0,14,0,17.5,0,10,0,0,0,0,0,0,0
0,0,10,0,0,0,4,16,4,7.5,0,0,0,0,0,0
,,,,,,,,,,,,,41.75,0,0
0,0,0,0,0,0,0,0,0,0,0,0,0,42,0,0
0,0,42.5,0,0,0,0,0,0,0,0,0,0,0,0,0
0,0,0,0,0,0,0,0,0,0,0,42.5,0,0,0,0
10,0,0,0,0,0,0,0,0,0,0,0,0,0,32.95,0
,,,,,0,9,0,5,6,0,0,5,0,0,18
,,,,,,,,,,,,,40,3,0
10,15,0,0,0,0,0,0,0,0,2.5,8,0,0,7.8,0
0,0,0,0,0,0,0,43.6,0,0,0,0,0,0,0,0
0,0,0,0,0,0,0,0,29.5,8.5,3,0,3,0,0,0
,,,,,,,,0,0,44.5,0,0,0,0,0
,,,,,,,,9.5,0,6,0,0,0,0,29
0,45,0,0,0,0,0,0,0,0,0,0,0,0,0,0
0,0,0,0,0,0,0,0,0,46,0,0,0,0,0,0
29,12,5,0,0,0,0,0,0,0,0,0,0,0,0,0
0,0,0,0,0,0,0,0,0,0,0,0,0,46,0,0
0,10,25,0,12,0,0,0,0,0,0,0,0,0,0,0
0,0,22,0,6,20,0,0,0,0,0,0,0,0,0,0
,,,,,20,11,6,11,0,0,0,0,0,0,0
0,0,0,0,0,0,0,0,0,0,0,0,0,48.5,0,0
29,0,0,0,0,0,20,0,0,0,0,0,0,0,0,0
39,10,0,0,0,0,0,0,0,0,0,0,0,0,0,0
,,,,,,,,0,0,0,0,4.5,4.59,0,40
0,0,0,0,0,0,0,0,10,40,0,0,0,0,0,0
0,0,50,0,0,0,0,0,0,0,0,0,0,0,0,0
0,50,0,0,0,0,0,0,0,0,0,0,0,0,0,0
0,0,0,0,0,0,0,0,0,50,0,0,0,0,0,0
0,25,0,0,0,25,0,0,0,0,0,0,0,0,0,0
0,0,0,0,0,0,0,0,0,50,0,0,0,0,0,0
0,50,0,0,0,0,0,0,0,0,0,0,0,0,0,0
,,,,,,,,,,0,0,0,50,0,0
,,,,,,,,,,,10,0,0,40,0
,,,,,,,,,,,,,,,50
0,50.5,0,0,0,0,0,0,0,0,0,0,0,0,0,0
,,,,,,,,0,45,0,0,0,0,6,0
0,0,0,0,0,0,0,0,0,0,0,0,6,6,30,10
0,52,0,0,0,0,0,0,0,0,0,0,0,0,0,0
,,,0,0,0,0,0,0,0,0,0,0,0,0,53.5
,,,,,,,,0,0,0,0,54.5,0,0,0
,,,,,,,,,,,,,54.5,0,0
,,,,,,,,,,,,,,16,39
0,0,5,0,0,0,51,0,0,0,0,0,0,0,0,0
,,,,,,,,,,,,,34.5,23,0
,,,,,,,,,,,,,,,58.8
24,0,0,0,35,0,0,0,0,0,0,0,0,0,0,0
,,0,0,0,59,0,0,0,0,0,0,0,0,0,0
0,30,0,0,0,4.5,0,0,0,0,0,0,0,25,0,0
0,0,0,0,0,0,0,0,0,0,0,0,39.5,0,0,20
0,0,0,0,60,0,0,0,0,0,0,0,0,0,0,0
0,0,0,0,0,0,60,0,0,0,0,0,0,0,0,0
0,0,0,0,0,0,0,30,0,30,0,0,0,0,0,0
60,0,0,0,0,0,0,0,0,0,0,0,0,0,0,0
0,5,0,0,0,0,0,40,5,10,0,0,0,0,0,0
,,,,,,,0,0,0,0,0,0,60,0,0
,,,,,,,,,0,0,0,0,60,0,0
,,,,,,,,,,,,60,0,0,0
,,,,,,,,,,,,,,,60
0,0,0,0,12,12,0,0,6,0,0,0,0,31.75,0,0
0,0,59,0,0,0,0,0,0,0,0,0,3,0,0,0
0,0,0,0,22.5,0,0,39.6,0,0,0,0,0,0,0,0
0,5,0,0,0,57.5,0,0,0,0,0,0,0,0,0,0
0,3,33,0,0,0,0,0,18,0,0,0,6,0,3,0
24,39,0,0,0,0,0,0,0,0,0,0,0,0,0,0
16.5,13,34,0,0,0,0,0,0,0,0,0,0,0,0,0
0,0,0,0,0,0,0,0,0,0,0,0,0,0,64,0
0,0,0,0,0,4.5,0,0,0,0,0,0,60,0,0,0
0,0,0,0,0,0,0,0,0,0,0,5,15,30,0,15
,,,,,,,,,,,,,11,3,51.8
,,,,,,,,,,,,0,0,55.8,12
58,10,0,0,0,0,0,0,0,0,0,0,0,0,0,0
0,0,29,0,0,0,0,0,0,39,0,0,0,0,0,0
,,,,,,,,11,5,10,32,0,10,0,0
,,,,,,,,,,,,,0,60,8
9.5,0,0,0,0,0,0,0,59,0,0,0,0,0,0,0
,,,,,68.5,0,0,0,0,0,0,0,0,0,0
54.1,14.5,0,0,0,0,0,0,0,0,0,0,0,0,0,0
0,0,0,0,69,0,0,0,0,0,0,0,0,0,0,0
,,,,,,,,,,,,0,0,0,69
0,0,0,0,0,0,0,0,0,0,0,0,0,0,0,69.5
0,0,0,0,0,0,0,0,35,0,0,0,0,0,34.5,0
0,46.5,0,0,0,23,0,0,0,0,0,0,0,0,0,0
0,69.5,0,0,0,0,0,0,0,0,0,0,0,0,0,0
70,0,0,0,0,0,0,0,0,0,0,0,0,0,0,0
0,0,0,0,0,0,0,0,10,0,0,40,20,0,0,0
5,0,0,0,12,0,0,28,0,0,0,0,25,0,0,0
,,,,,,,,,,,,,,,70
0,0,0,0,70.4,0,0,0,0,0,0,0,0,0,0,0
0,0,0,0,0,0,0,0,0,0,0,0,0,0,25,49
,,,,,,,,,,,,,80.4,-6,0
0,0,0,0,0,0,0,0,0,75,0,0,0,0,0,0
0,0,75,0,0,0,0,0,0,0,0,0,0,0,0,0
,,,0,71.5,4.5,0,0,0,0,0,0,0,0,0,0
,,,,,0,15,0,17,45.5,0,0,0,0,0,0
0,0,0,0,0,0,0,0,78,0,0,0,0,0,0,0
,,,,,0,0,0,0,0,0,0,0,6,72,0
,,,,,,,,17,5,0,0,56.5,0,0,0
0,0,0,0,0,0,29,0,0,0,0,0,0,50,0,0
,,,,,,,,,,,,,,79.3,0
0,5,0,0,45,0,0,0,0,0,0,15,0,0,15,0
,,,,,,,,0,0,0,0,0,0,0,80
0,0,0,0,80.1,0,0,0,0,0,0,0,0,0,0,0
0,0,81.5,0,0,0,0,0,0,0,0,0,0,0,0,0
0,24,18,0,0,0,0,0,0,0,0,0,0,39.78,0,0
,,,,,,,,,0,0,48,25,10,0,0
43.5,40,0,0,0,0,0,0,0,0,0,0,0,0,0,0
0,3,0,0,0,14.5,0,14,6,0,0,20.5,0,25.5,0,0
0,39,0,0,0,0,0,0,0,0,0,0,0,0,45,0
0,24,5,0,40,0,0,0,5,5,0,5,0,0,0,0
,,,,,5,6,5,23,45,0,0,0,0,0,0
,,,,,,,,0,39,0,0,40,5,0,0
,,,,,,0,82.5,0,2.5,0,0,0,0,0,0
0,0,0,0,0,0,0,0,0,0,0,0,0,86.7,0,0
24,28.5,9,0,0,25.5,0,0,0,0,0,0,0,0,0,0
0,0,66,0,13,5,3,0,0,0,0,0,0,0,0,0
,,,,,0,87.2,0,0,0,0,0,0,0,0,0
0,88.5,0,0,0,0,0,0,0,0,0,0,0,0,0,0
0,10,14.5,0,0,0,0,0,5,42.5,6,5,3,3,0,0
0,0,0,0,0,29,0,40,0,0,0,20,0,0,0,0
,,,,,,,,,,,,,10.8,63.46,15
3,0,0,0,0,0,0,0,0,0,0,86.4,0,0,0,0
11,0,20,0,0,0,11,0,5,42.5,0,0,0,0,0,0
,,,,,26.5,21.5,11,10.5,20,0,0,0,0,0,0
40,5,15,0,20,10,0,0,0,0,0,0,0,0,0,0
0,0,0,0,90,0,0,0,0,0,0,0,0,0,0,0
0,0,0,0,90,0,0,0,0,0,0,0,0,0,0,0
,,,,,,,,0,0,0,0,90,0,0,0
,,,,,,,,31,0,59,0,0,0,0,0
10,3,0,0,0,10,34,12,0,16,0,0,0,6,0,0
0,0,0,0,0,0,0,0,0,76.5,5,0,10,0,0,0
,,,,,91.5,0,0,0,0,0,0,0,0,0,0
,,,,,,,,0,0,0,6,6,0,80,0
,,,,,,,,,,,,31,6,55.94,0
0,94,0,0,0,0,0,0,0,0,0,0,0,0,0,0
,,,,,,,,6,0,76,12,0,0,0,0
,,,,,,,,,70,0,6,0,12,0,6
,,,,,,,,0,0,0,0,94.5,0,0,0
0,95,0,0,0,0,0,0,0,0,0,0,0,0,0,0
,,,,,,,,,,,,,,96,0
0,0,39,0,42,0,5,0,6,4.5,0,0,0,0,0,0
0,0,0,0,0,0,0,0,0,0,5,25,10,10,25,23
29,0,0,0,10,59.5,0,0,0,0,0,0,0,0,0,0
0,0,0,0,0,0,0,0,0,0,0,0,98.95,0,0,0
0,0,0,0,0,0,0,99,0,0,0,0,0,0,0,0
0,0,0,0,0,0,0,0,0,0,0,0,79,0,20,0
,,,,,,,,0,40,0,44,15,0,0,0
0,0,0,0,0,0,0,0,0,18,42,40,0,0,0,0
0,29,0,0,0,0,0,0,0,0,0,18,16,27,0,10
25,5,37.5,0,0,0,10,0,0,0,0,7.5,0,0,15,0
0,0,30,0,0,60,0,0,0,0,0,0,0,10,0,0
,0,100,0,0,0,0,0,0,0,0,0,0,0,0,0
,,,,,,,,,,0,100,0,0,0,0
0,100.5,0,0,0,0,0,0,0,0,0,0,0,0,0,0
9,0,0,0,5,0,5,45,0,4.5,0,32,0,0,0,0
,,,,,,,,,0,82.5,10.5,5,3,0,0
,,,,,,,,0,0,9,0,33.75,58.46,0,0
0,0,34,0,0,0,0,0,39,29,0,0,0,0,0,0
,,,,,,5,8,30,13.5,40.5,5,0,0,0,0
,,,,,0,0,5,66.3,19.75,0,6,0,0,6,0
,104.5,0,0,0,0,0,0,0,0,0,0,0,0,0,0
0,5,0,0,0,0,0,0,40,0,0,0,0,0,0,60
0,0,70,0,35,0,0,0,0,0,0,0,0,0,0,0
,,,,,,,,,,,,,10,95,0
,,,,,,,,,,,,,,,105
,,,,,,,,14.5,34,14.5,6,18.8,19.8,0,0
,,,,,108,0,0,0,0,0,0,0,0,0,0
0,99,0,0,0,0,0,0,0,0,0,0,0,10,0,0
109,0,0,0,0,0,0,0,0,0,0,0,0,0,0,0
,,,,,,,,,,,,,,106,3
0,0,0,0,0,0,0,0,0,0,0,0,110,0,0,0
,,,,,,,,,,,,0,0,91,20
,,,,,,,,,,,,,,11,100
0,109,0,0,0,2.5,0,0,0,0,0,0,0,0,0,0
,,,,,,,,,18,0,30,6,15,37,6
0,0,112.5,0,0,0,0,0,0,0,0,0,0,0,0,0
44,68.5,0,0,0,0,0,0,0,0,0,0,0,0,0,0
0,5,47,0,22,0,40,0,0,0,0,0,0,0,0,0
,,,,,0,0,10,17,87.5,0,0,0,0,0,0
,,,,,,0,119.4,-25,0,0,0,0,0,20.4,0
0,25,65,0,0,25,0,0,0,0,0,0,0,0,0,0
0,0,0,0,0,0,0,0,0,115,0,0,0,0,0,0
0,0,29,0,0,3,0,0,0,40,0,0,3,40,0,0
,,,,,,30,0,0,0,85,0,0,0,0,0
0,0,0,0,87,-29,6,10,10,0,0,0,20,0,0,12
,,,0,20,96,0,0,0,0,0,0,0,0,0,0
0,0,0,0,116.1,0,0,0,0,0,0,0,0,0,0,0
0,0,20,0,15,0,63.6,17.5,0,0,0,0,0,0,0,0
,,,0,5,5,5,86.6,10,0,5,0,0,0,0,0
,,0,0,0,0,0,0,0,0,0,0,117.5,0,0,0
0,10,0,0,0,109,0,0,0,0,0,0,0,0,0,0
120,0,0,0,0,0,0,0,0,0,0,0,0,0,0,0
10,30,0,0,36,5,12,0,0,0,12,0,0,15,0,0
,,,,,,50,0,0,70,0,0,0,0,0,0
0,0,0,0,0,0,0,0,0,0,0,0,120.8,0,0,0
121,0,0,0,0,0,0,0,0,0,0,0,0,0,0,0
,,,0,0,0,0,0,0,0,0,0,106,15,0,0
,,,,,,,,,,,,,,121,0
0,0,0,0,106.1,13,0,2.5,0,0,0,0,0,0,0,0
9,61.5,19,0,5,0,13.5,5.5,4.5,4.5,0,0,0,0,0,0
,,,,,,,,0,0,11,12,59.75,40,0,0
21.2,102.14,0,0,0,0,0,0,0,0,0,0,0,0,0,0
0,84,0,0,0,0,0,0,30,0,0,0,0,0,10,0
0,95,29,0,0,0,0,0,0,0,0,0,0,0,0,0
0,124.25,0,0,0,0,0,0,0,0,0,0,0,0,0,0
,,,,,,,,,0,0,0,4.5,115.97,0,4.5
,,,,,,0,80,45,0,0,0,0,0,0,0
0,0,0,0,0,0,0,0,45,0,0,0,0,0,80.5,0
,,,,,,,,,,,,0,126,0,0
17.5,20,0,0,69.5,0,0,6,3,0,0,0,0,0,0,11.25
107.5,5,0,0,0,0,0,0,0,0,0,0,0,0,15,0
82.5,20,15,0,10,0,0,0,0,0,0,0,0,0,0,0
0,0,106.5,0,12.5,10,0,0,0,0,0,0,0,0,0,0
130,0,0,0,0,0,0,0,0,0,0,0,0,0,0,0
0,0,0,0,0,0,0,0,90,0,0,0,40,0,0,0
,,,0,130,0,0,0,0,0,0,0,0,0,0,0
,,,,,,,,0,0,60,40,30,0,0,0
0,0,0,0,0,0,0,23,5,0,0,93.5,6,3,0,0
,,,,131,0,0,0,0,0,0,0,0,0,0,0
0,5,60.5,0,67,0,0,0,0,0,0,0,0,0,0,0
0,33,0,0,0,0,0,0,0,0,0,0,0,101.44,0,0
0,119.5,0,0,5,10,0,0,0,0,0,0,0,0,0,0
0,0,0,0,0,0,0,0,0,0,0,5,30,100,0,0
20,0,0,0,0,0,0,4,0,5,0,6,0,0,100.5,0
,,,,,,,,5,5,0,0,34.5,52,39,0
136,0,0,0,0,0,0,0,0,0,0,0,0,0,0,0
0,0,0,0,0,0,0,0,0,136.68,0,0,0,0,0,0
129,9,0,0,0,0,0,0,0,0,0,0,0,0,0,0
,,,0,138.5,0,0,0,0,0,0,0,0,0,0,0
,,,,,,,,,,0,100,0,5,3,30.5
,,,,,,,,,,,,,,,138.8
0,139,0,0,0,0,0,0,0,0,0,0,0,0,0,0
0,74.5,0,0,65,0,0,0,0,0,0,0,0,0,0,0
0,0,0,0,0,0,5,0,15,0,5,0,100,0,15,0
0,0,112.25,0,0,0,29,0,0,0,0,0,0,0,0,0
119,22.5,0,0,0,0,0,0,0,0,0,0,0,0,0,0
20,30,0,0,0,20,0,12.5,0,0,0,0,26,6,20,10
85,0,0,0,45,0,0,0,15,0,0,0,0,0,0,0
44.5,81,20,0,0,0,0,0,0,0,0,0,0,0,0,0
0,82,65,0,0,0,0,0,0,0,0,0,0,0,0,0
,,,,,0,0,0,0,0,0,0,0,80,47.8,20
,,,,,0,0,160,-60,0,0,0,0,0,13.8,35
39,0,0,0,0,0,75,0,10,0,15,10,0,0,0,0
,,,,,,,,,6,6,5,13,32,74,13
0,15,4.5,0,0,0,45,0,0,5,0,0,0,80,0,0
,,,,,,,,,,,,,,115.3,34.5
0,5,5,0,10,0,15,10,10,5,0,25,0,0,40,25
0,0,0,0,0,0,0,0,0,150,0,0,0,0,0,0
150,0,0,0,0,0,0,0,0,0,0,0,0,0,0,0
,,0,0,150,0,0,0,0,0,0,0,0,0,0,0
0,0,0,0,0,0,0,0,0,0,0,32.5,53.6,54.5,6,6
153,0,0,0,0,0,0,0,0,0,0,0,0,0,0,0
,,,,,,,0,0,54,0,39,18,42,0,0
,,55,0,6,0,0,43.6,0,0,0,17.5,31,0,0,0
,,,,,,,,,,,,,154,0,0
12,0,0,0,143,0,0,0,0,0,0,0,0,0,0,0
19,15,55,0,20,0,6,0,0,10,30,5,-5,0,0,0
155,0,0,0,0,0,0,0,0,0,0,0,0,0,0,0
155.5,0,0,0,0,0,0,0,0,0,0,0,0,0,0,0
0,0,10,0,10,0,0,0,0,0,0,9,20,82,24.95,0
156,0,0,0,0,0,0,0,0,0,0,0,0,0,0,0
0,0,0,0,0,0,0,0,0,0,20,136,0,0,0,0
0,0,40,0,0,0,10,5,0,6,0,85,6,6,0,0
50,109,0,0,0,0,0,0,0,0,0,0,0,0,0,0
,,,,,,,,,,,,,59.4,0,100
5,96.6,60,0,0,0,0,0,0,0,0,0,0,0,0,0
,,,,,,,,,,,,,,102,60
,,,,,155,7.5,0,0,0,0,0,0,0,0,0
3,0,130,0,0,0,0,0,0,0,0,0,0,0,30,0
0,165,0,0,0,0,0,0,0,0,0,0,0,0,0,0
,,,,,,,,,165.9,0,0,0,0,0,0
3,15,21,0,21,107,0,0,0,0,0,0,0,0,0,0
,,,,,,,,0,0,6,155,3,0,3,0
,,,,,,,,,,,,20,70,30,47.8
,,,,,,0,168.6,0,0,0,0,0,0,0,0
39,0,0,0,0,0,0,0,0,0,0,0,85,0,44.95,0
0,0,0,0,0,0,0,0,0,0,0,5,11,0,153,0
,,,,,,,,,,,,,48,77,46
0,0,0,0,0,0,0,0,0,0,0,0,0,0,173.4,0
0,175,0,0,0,0,0,0,0,0,0,0,0,0,0,0
,,,,,,,,,0,0,0,0,30,121.37,24
149,20.5,0,0,0,0,0,0,0,0,6,0,0,0,0,0
0,0,0,0,176.5,0,0,0,0,0,0,0,0,0,0,0
0,0,41,0,35,2,2,0,0,4,12,12,29,21,18,3
,,,0,10,33,79,10,55,-23,15,0,0,0,0,0
,,,0,0,0,0,0,0,0,0,0,0,180,0,0
,,,,,,,,30,24,24,19.5,12,6,48,18
0,0,0,0,167,3,12,0,0,0,0,0,0,0,0,0
80,49,8,0,5,0,0,0,0,0,0,0,6.24,34.32,0,0
0,0,0,0,0,0,182.6,0,0,0,0,0,0,0,0,0
8,0,4,0,0,2,41,0,0,90.1,25,4,6,0,0,3
0,27,4.5,0,0,0,3,5,5,4.5,10,7,0,120,0,0
,,,,,,,,,,,,181,6,0,0
,,,,,,,,,,0,0,0,0,188.3,0
,,,,,,,,,,,,,,,188.95
,,,,,,,,,,,,,,53.5,136
0,0,0,0,0,0,182,0,0,0,0,7.5,0,0,0,0
0,0,5,0,169,0,0,0,5,0,5,0,6,0,0,0
130,0,0,0,0,0,0,0,0,0,0,0,0,0,0,60
,,,,,,,,0,0,0,0,0,48.45,92.31,49.5
4,0,12,0,0,13.5,54,4.5,9,4.5,0,21.5,49.5,7.5,5,6
,,,,144,18,0,29,0,0,0,0,0,0,0,0
,,,,191,0,0,0,0,0,0,0,0,0,0,0
0,0,0,0,126.48,0,0,0,0,0,0,0,0,65,0,0
0,0,100,0,0,0,91.6,0,0,0,0,0,0,0,0,0
0,0,85,0,109,0,0,0,0,0,0,0,0,0,0,0
,,,0,28,67,40,0,6,6,35,12,0,0,0,0
,,,,0,0,0,0,14,17,0,2,10,53.8,90,7.8
0,0,0,0,0,0,0,0,0,0,195,0,0,0,0,0
0,49,31.4,0,0,10,39.6,65,0,0,0,0,0,0,0,0
0,0,0,0,0,10,5,5,10,106,0,36,0,6,12,6
,,,,,,,,,196,0,0,0,0,0,0
20,5,121.4,0,5,0,45,0,0,0,0,0,0,0,0,0
,,,,,,,,74,18,38,32,36,0,0,0
199,0,0,0,0,0,0,0,0,0,0,0,0,0,0,0
180,0,5,0,0,0,0,15,0,0,0,0,0,0,0,0
200,0,0,0,0,0,0,0,0,0,0,0,0,0,0,0
0,201,0,0,0,0,0,0,0,0,0,0,0,0,0,0
6,0,0,0,4,0,0,0,10,0,20,60,35,10,46,10
35,40,10,0,11,0,105,0,0,0,0,0,0,0,0,0
0,0,11,0,172.42,14,6,0,0,0,0,0,0,0,0,0
0,204,0,0,0,0,0,0,0,0,0,0,0,0,0,0
0,0,0,0,204.51,0,0,0,0,0,0,0,0,0,0,0
,,,,,,,,,,,,,,180.5,25.5
208,0,0,0,0,0,0,0,0,0,0,0,0,0,0,0
208,0,0,0,0,0,0,0,0,0,0,0,0,0,0,0
,,,,,,,,,,,,,185,24,0
,,,,,,,,93.6,52.79,0,54.5,10,0,0,0
0,0,0,0,0,0,0,0,26.1,6.5,0,15.79,43.55,54.79,43.05,22.24
,,,,,,,,,0,10,0,0,12,0,190.2
21,10,22,0,22,0,27,20,0,3,9,50,30,0,0,0
10,25,20,0,35,73,40,0,5,6,0,0,0,0,0,0
0,0,120,0,65,0,0,0,30,0,0,0,0,0,0,0
,,,,,,,,140,6,0,0,30,39,0,0
0,16,0,0,0,0,28.2,0,0,131,0,40,0,0,0,0
0,0,0,0,0,0,0,0,216,0,0,0,0,0,0,0
0,0,2.5,0,10,0,0,6,0,0,10.5,91,14.5,0,24,59.5
7.5,5,90,0,0,85,12,0,10,0,0,6,5,0,0,0
0,0,22,0,199,0,0,0,0,0,0,0,0,0,0,0
3,80,0,0,0,25,0,29,20,9,0,0,0,0,15,40.25
0,0,0,0,0,0,0,0,0,55,2.5,22.5,46,0,58,38.75
39,110,0,0,39,0,5,0,0,0,0,30,0,0,0,0
0,0,0,0,0,149,55,0,0,0,0,0,0,0,20,0
119,12.5,15,0,15,20,0,15,0,0,0,13,15,0,0,0
0,0,0,0,0,0,0,0,10,6,0,0,0,210,0,0
,,,,,,,,,,,,,,197.64,30
0,0,0,0,0,0,0,0,0,0,0,228,0,0,0,0
0,0,0,0,0,228.48,0,0,0,0,0,0,0,0,0,0
0,0,40,0,5,25,25,40,0,-40,49,28,5,25,27,0
0,140,5,0,5,0,52.6,29,0,0,0,0,0,0,0,0
,,,,,,,,,,,,,,,232
,,,0,0,233,0,0,0,0,0,0,0,0,0,0
,,,,,,,,233,0,0,0,0,0,0,0
0,0,0,0,0,0,0,70,0,0,0,0,71,86.1,7.8,0
0,0,0,0,0,0,0,92.82,0,0,0,85,0,0,57.5,0
0,0,0,0,0,0,0,0,0,0,236.13,0,0,0,0,0
,,,,,,,,,,,,,136.5,100,0
5,0,40,0,5,0,0,0,0,0,36,84,38,20,10,0
0,0,0,0,0,0,0,0,0,0,0,179,0,0,60,0
,,0,0,119,91.5,28.5,0,0,0,0,0,0,0,0,0
0,0,90,0,0,150,0,0,0,0,0,0,0,0,0,0
20,40,0,0,120,20,6,0,10,25,0,0,0,0,0,0
,,,,,,,,43.6,107,0,0,12,0,0,80
0,0,0,0,-129,0,0,0,372,0,0,0,0,0,0,0
5,0,0,0,90,0,30.5,33.5,0,0,0,0,0,84.5,0,0
0,158.5,0,0,0,0,0,85,0,0,0,0,0,0,0,0
30.5,0,118.5,0,90,0,5,0,0,0,0,0,0,0,0,0
,,,,,,0,0,244,0,0,0,0,0,0,0
0,0,0,0,238.34,0,6,0,0,0,0,0,0,0,0,0
245.2,0,0,0,0,0,0,0,0,0,0,0,0,0,0,0
,,,,,,,35,100,6,100,5,0,0,0,0
0,0,0,0,0,0,0,0,0,0,0,0,0,4,123,120
,,,,,,64,0,113,0,0,35,0,0,0,36
,,,,,,,,,0,8,35,6,7,50,142
0,249.6,0,0,0,0,0,0,0,0,0,0,0,0,0,0
0,100,0,0,150,0,0,0,0,0,0,0,0,0,0,0
,,,0,43,50,33,87.2,10,28.5,0,0,0,0,0,0
,,,,,,,,,,,,92.82,89,70.95,0
,,,,,,,,,59.5,13.5,5,19,77.3,14,64.5
0,89,0,0,0,0,0,0,0,0,142,0,0,0,25,0
0,5,17.5,0,17,5,0,0,5,102,22.5,18,0,65.8,0,0
,,,,,,,,8.5,50,0,0,0,0,115,85
,,,,,,,,,,,,,,261.1,0
,,,,,,,,261.24,0,0,0,0,0,0,0
,,,,,,,,,,,,,,249.5,12
0,0,0,0,0,0,0,0,0,264,0,0,0,0,0,0
0,209,5,0,10,5,10,5,10,0,0,6,5,0,0,0
72.6,13.2,34.2,0,5,28.5,10.5,0,0,23,15,46.5,6,6,5,0
0,0,0,0,0,0,0,0,0,267.33,0,0,0,0,0,0
,40,0,0,0,0,0,0,0,0,6,0,177,0,9,35.75
,,,,,,,,,0,0,135,21.3,98.95,10,5
,,,,,,0,30,220,20.5,0,0,0,0,0,0
,,,,,,,,,,,,,,,270.5
5,0,8,0,0,259,0,0,0,0,0,0,0,0,0,0
,,,,,,,,,,0,49.5,0,55,54.8,112.8
0,0,0,0,0,172.5,0,0,0,100,0,0,0,0,0,0
,,,,,,173,0,0,0,0,0,0,100,0,0
,,,,,,,,,,,,,,273,0
0,0,0,0,0,0,0,205,69,0,0,0,0,0,0,0
0,0,0,0,0,0,0,0,0,0,0,0,0,10,109,155
0,0,0,0,178.5,0,0,27.5,28.5,0,0,0,0,0,22.5,22
,280,0,0,0,0,0,0,0,0,0,0,0,0,0,0
89,46,90,0,43,10,0,0,0,0,0,0,5,0,0,0
,,,,96.1,16,0,0,11,13.5,13.5,113.5,10,10,0,0
20,41,94.5,0,4.5,32,0,0,0,26,0,0,21,39,0,10
200,20,5,0,10,0,0,0,0,0,0,36,12,6,0,0
0,47.5,0,0,88,0,42.5,0,0,0,0,0,0,66.5,45.5,0
160,0,0,0,130,0,0,0,0,0,0,0,0,0,0,0
129,0,0,0,0,0,165,0,0,0,0,0,0,0,0,0
0,0,0,0,0,70,0,0,224,0,0,0,0,0,0,0
,,0,0,0,0,0,0,0,0,0,0,31.75,263,0,0
,,0,0,188.5,7.5,96.5,0,0,0,2.5,0,0,0,0,0
0,0,0,0,0,0,0,0,0,0,0,58,228,10.5,0,0
,,,,,,0,63,32,12,40,0,53.5,27.5,3,66
0,229.5,23,0,0,0,10,0,10,0,0,0,5,0,0,20
,,,,,,,,,,,,0,170,40,88.69
299,0,0,0,0,0,0,0,0,0,0,0,0,0,0,0
0,0,0,0,0,0,0,0,0,0,0,0,0,0,299.82,0
300,0,0,0,0,0,0,0,0,0,0,0,0,0,0,0
0,0,0,0,0,300,0,0,0,0,0,0,0,0,0,0
55,166,40,0,0,0,0,30,0,9,0,0,0,0,0,0
0,0,115,0,142,0,29.5,5,10,0,0,0,0,0,0,0
0,0,0,0,115,0,0,0,125,0,0,10,12.8,0,0,40
0,0,0,0,0,0,0,304,0,0,0,0,0,0,0,0
60,245,0,0,0,0,0,0,0,0,0,0,0,0,0,0
,30,0,0,30,80,45,10,0,10,100,0,0,0,0,0
11,123,23,0,149,0,0,0,0,0,0,0,0,0,0,0
,,,,,,,,,257.8,0,28.5,0,0,23.75,0
0,37.41,0,0,0,0,0,0,0,55.62,80,0,38.66,16.77,67.03,15.48
20,25,30,0,100,15,25,0,25,0,0,45,0,6,23,0
,,,,,,,,74.5,10.5,0,140.5,63.8,27.6,0,0
0,0,0,0,0,94.5,0,57.5,0,0,0,50,116.75,0,0,0
0,0,0,0,30,0,52.6,50,25,75,25,0,4.5,59,0,0
,,,,,,,,0,0,0,0,273,22,26.8,0
0,0,0,0,0,66,0,56,5,0,0,0,132.6,0,0,63
0,0,10,0,0,0,5,0,30,216.9,0,19.5,33,10.5,0,0
0,120,40,0,70,0,30,0,0,0,0,0,60,0,5,0
0,45,0,0,0,45,17.5,0,113,40,40,0,29,0,0,0
198,0,13.5,0,0,0,0,0,0,0,0,0,34.5,0,47.5,39
0,5,59.27,0,10,0,89.6,0,54,0,5,0,95,6,11,0
0,137,20,0,0,53.5,0,0,72.5,52,0,0,0,0,0,0
0,105,85,0,30,15,15,0,0,6,0,0,22,50,9,0
0,0,0,0,0,0,0,0,0,0,0,0,0,221,118.3,0
0,340,0,0,0,0,0,0,0,0,0,0,0,0,0,0
0,340,0,0,0,0,0,0,0,0,0,0,0,0,0,0
188.5,0,0,0,25,50.5,50,0,27,0,0,0,0,0,0,0
0,0,0,0,0,0,0,0,0,0,0,0,341.95,0,0,0
0,0,139,0,2,9,5,7,5,0,4,2,3,0,15,153.5
0,100,0,0,245,0,0,0,0,0,0,0,0,0,0,0
0,25,0,0,0,0,0,109.55,0,0,0,30,30,0,152,0
0,0,0,0,23,23.5,47.5,10,123,123,0,0,0,0,0,0
0,357,0,0,0,0,0,0,0,0,0,0,0,0,0,0
200,10,0,0,10,0,100,0,10,0,0,0,5,20,5,0
200,160,0,0,0,0,0,0,0,0,0,0,0,0,0,0
,,,,,,,,,,,360.5,0,0,0,0
0,0,0,0,0,0,0,0,172.89,99,0,0,0,0,89,0
32,0,20,0,18,0,0,229,52.5,9.5,0,0,0,0,0,0
0,0,0,0,0,0,0,0,0,0,0,361.08,0,0,0,0
,,,,,,,,,,,355.28,6,0,0,0
7.5,0,0,0,0,228.48,0,0,119.4,0,6,0,0,0,0,0
234,0,0,0,125.4,3,0,0,0,0,0,0,0,0,0,0
0,0,0,0,0,0,0,0,0,0,0,0,364.5,0,0,0
18,50,5,0,15,84,20,51,5,35,6,36,10,12,12,6
,,,,,,,,,,,,0,70,295.2,0
0,29,144.5,0,0,48,23,0,30,0,0,91,0,0,0,0
9,0,0,0,37.5,55.9,140.5,33.5,19.5,0,0,0,32.5,26.5,12.8,0
5,0,35,0,40,15,40,98,30,6,12,12,0,40,0,35
0,0,0,0,0,0,0,0,0,0,0,0,0,245.62,123.42,0
,,,,,,,,8.5,51,3,5,16.6,59.56,220.96,4.52
27,0,0,0,215.2,0,0,0,15,5,0,0,85,11,6,5
12,11.5,215,0,10,5,36.5,0,20,25,0,0,0,0,5,30
,,,,,,,,,5,0,0,0,96.5,270,0
25,35,15,0,20,95,40,20,42,35,5,12,6,6,16,0
12,363.5,0,0,0,0,0,0,0,0,0,0,0,0,0,0
0,0,5,0,0,5,0,0,0,0,40,0,35,50,0,242.1
0,0,149,0,229,0,0,0,0,0,0,0,0,0,0,0
0,50,266.2,0,58,6,0,0,0,0,0,0,0,0,0,0
190.1,97,5,0,0,89.9,0,0,0,0,0,0,0,0,0,0
,,,,,,,,5,0,0,6,12,0,149,210
,,,,,,,,,,,,,330.9,47,5
0,0,0,0,302,83.5,0,0,0,0,0,0,0,0,0,0
229,148,0,0,0,0,0,0,10,0,0,0,0,0,0,0
254,17,5,0,0,0,5,8,50,48,0,0,0,0,0,0
0,0,0,0,0,0,0,34.5,0,230,12,53,7.5,3,35.5,12
4.5,0,32,0,0,0,115,32.5,70,50,34,0,25,0,25,0
,,,,,,,,174.6,115,30,18,45,6,0,0
,,,,,,,86.5,5,0,12,235,11,0,20,21
3.6,21,16,0,59.5,85.5,70.5,35,6,35,4.5,6,0,40,0,11.25
,,,,,,,,0,394.2,0,0,0,0,0,0
0,0,118,0,0,0,0,0,0,277,0,0,0,0,0,0
,,,,,,,,71,152,6,119,-41,9,56,23
0,0,399,0,0,0,0,0,0,0,0,0,0,0,0,0
400,0,0,0,0,0,0,0,0,0,0,0,0,0,0,0
33,47,321.5,0,0,0,0,0,0,0,0,0,0,0,0,0
,,,,,,,,,,,,,180,222.02,0
0,12,12,0,18,0,95,0,129,3,80,0,0,0,53.97,0
212,2,0,0,14,75.9,15,0,20,12.5,8,0,11,33,0,0
,,,,,,,0,0,0,0,0,339,0,64.5,0
15,0,0,0,366.4,0,0,0,24,0,0,0,0,0,0,0
0,0,30,0,6,0,9,139,143,70,9,0,0,0,0,0
14.5,0,348.5,0,0,0,5,38,0,0,0,0,0,0,0,0
,,,,,,,,,,,,,204.5,204,0
9.5,44.6,15,0,183,161,0,0,0,0,0,0,0,0,0,0
0,0,0,0,0,0,65,0,10,0,0,70,272.5,0,0,0
35,60,82,0,119,34,88,0,0,0,0,0,0,0,0,0
39,2,9,0,14,2,100.2,25,142,0,4,15,35,9,17,5
0,3,201,0,0,0,0,0,0,5,210,0,0,0,0,0
0,44,0,0,24,193,0,0,0,0,0,0,0,87.5,23.75,47.5
400,20,0,0,0,0,0,0,0,0,0,0,0,0,0,0
0,35,32,0,29,9,233,0,78.5,4.5,0,0,0,0,0,0
,,,,,,,,,,,,64.75,151,139.5,66.25
,,,,,,,,0,100,2.5,70.5,29,211,12,0
3,87.5,0,0,108.78,15,26,41,124.4,20,0,0,0,0,0,0
0,0,45,0,0,5,0,65,29,5,0,67,15,190,5,0
0,0,0,0,302.12,0,0,0,50,0,0,8,50,16.25,0,0
,,,,,,,,,,,,,,427.75,0
0,0,0,0,0,0,93,5,132,0,6,0,3,103,0,87.21
,,,,,,,0,12,24,126,57,127,24,36,24
0,61,0,0,0,0,0,81.5,0,75,60.5,10,9,75.5,12,45.8
0,0,0,0,0,0,13.5,45,0,0,0,128,92,75,35,42
20,0,0,0,0,0,5,60,29,0,10,60,84,30,60,73
67,258,0,0,109,0,0,0,0,0,0,0,0,0,0,0
42.5,0,0,0,0,8.5,0,0,0,0,0,0,88.25,30.3,222.5,42
257.5,9,4.5,0,0,13,15.5,135,0,0,0,0,0,0,0,0
0,0,0,0,0,0,0,0,0,0,0,2.5,3,431.95,0,0
,,,,,,0,0,440,0,0,0,0,0,0,0
0,0,0,0,308,0,0,0,0,0,0,0,0,0,132.45,0
,,,,,,,,0,0,0,25,3,72.5,0,340
,,,,,,,,78.5,92,20.5,29,44,122,55,0
0,183.5,0,0,0,0,0,0,0,0,0,0,0,0,0,258
0,49,8,0,110,150,5,5,0,0,0,0,12.5,103,0,0
0,0,30,0,0,0,29,42.5,2.5,0,66,20,115,0,79.06,60
0,0,0,0,0,0,0,0,0,0,0,0,0,445,0,0
,,,,,130,315,0,0,0,0,0,0,0,0,0
-25,78,33,0,12,0,32,17.5,143,0,0,0,3,3,151,0
0,0,0,0,0,0,0,0,0,0,0,0,0,139.3,152.5,156
0,0,0,0,0,0,0,0,439.4,8.5,0,0,0,0,0,0
219,0,0,0,18,6,0,39,25,0,0,30,84,0,0,27
0,0,16,0,6,18,0,0,0,0,0,409,0,0,0,0
0,167,10,0,4.5,10,13,5,4.5,0,0,18,0,124,94.46,0
29,0,69,0,60,0,133,0,50.04,0,0,115,0,0,0,0
,,,,,,,,,,,,,,,456.15
214,103,0,0,60.5,6,15,0,0,0,12,18,0,24,5,0
248,2,4,0,0,7,69,2,40,0,64,2,6,3,0,11
0,0,0,0,0,0,0,0,0,0,0,308.26,72.8,0,78,0
59,16.5,42,0,62.5,62,26,0,31,128.5,7.5,0,10,20,0,0
0,35,30,0,51,15,70,10,36,42,18,63,24,12,12,48
,,,,,0,-20,245,0,243,0,0,0,0,0,0
94,86,9,0,9,4,0,234,2,3,0,2,6,9,9,3
,,,,,,,0,0,0,0,70,0,264,70,70
0,0,0,0,0,0,10,24,0,0,0,82,178.05,65.5,120.3,0
0,40,0,0,108,24,278,0,0,0,0,0,0,30,0,0
47,38,48,0,58,38,32,185,23,12,0,0,0,0,0,0
,,,,,,,,,,,,,27,385,70
,,,,,,,,,,,,,418,72,0
0,0,0,0,202,0,0,0,0,4.5,0,251.2,0,0,0,32.95
0,0,54,0,6,6,60,112,27,82,15,120,0,3,6,0
0,4,6,0,0,0,273,3,0,0,2,130,48,0,23,3
69,0,0,0,0,0,0,0,0,0,0,0,0,423.5,0,0
,,,,,,,,,448.8,0,0,0,0,30,15
,,,,,,,,0,20,0,55.1,52.87,241.88,92.58,32.44
,,,,,181,64,97,0,0,11,4.5,40,0,97.5,0
,,,,36,224,5,26,61,34,63,33.3,12.8,0,0,0
0,0,0,0,0,0,0,0,0,0,0,93,0,0,405,0
48,0,0,0,13,5,178,0,150,70,4.5,15,15,0,0,0
,,,,,,,,251,0,115,6,45,0,7.5,75
0,6,85,0,170,0,25,0,0,79.5,0,0,0,124.5,0,12
0,0,0,0,0,0,268,0,57,98.5,0,47.5,31,0,0,0
50,0,0,0,0,316,50,0,0,75,0,7.5,5,0,0,0
,,,,,,,,,,37.5,405,62.25,0,0,0
,,,,,,,,32,290,26,53,36,0,42,26
,,,,,,,,124.5,59,24,146,97,55,0,0
,,,,12,0,0,0,5,14.5,23,33,0,19.8,375.25,25.8
,,,,,,142.5,0,58.92,12,161,107.5,10.5,0,9,7.8
40,108.5,30,0,40,0,80,115,40,56,0,0,0,0,0,0
0,0,0,0,423.5,0,0,0,0,0,0,0,86.7,0,0,0
0,39,5,0,0,0,0,0,0,40,0,0,86,0,344,0
0,15,0,0,0,0,0,363,0,0,90,36,0,0,0,12
65,155.5,94,0,85,65,17,36,0,0,0,0,0,0,0,0
0,0,0,0,0,0,0,0,0,0,0,0,0,0,0,519
0,0,0,0,0,0,120,280,70,44.5,0,0,0,4.5,0,0
0,0,0,0,47,0,29,0,70,0,0,274,36,23,41,0
,,,0,22,6,6,0,18.5,122.9,0,240,6,103.5,0,0
,0,0,0,320,0,0,0,29,0,0,0,0,180,0,0
,,,,,,,,56,233.7,17.5,0,133,50,41,0
45,0,6,0,0,173.81,105,0,100,0,29,5,70,0,0,0
0,0,0,0,0,0,0,0,0,0,0,0,98.5,197.46,209.95,30
10,0,0,0,0,147.5,0,0,0,175,0,0,0,0,205,0
0,0,79,0,280,0,30,20,28,101,0,0,0,0,0,0
62.5,27.5,5,0,20,5,47.5,10,21,6,95,192.9,12,6,11,17
130,0,275,0,65,0,0,0,70,0,0,0,0,0,0,0
0,0,0,0,0,0,0,12,33,130,16,6,258.8,36,36.05,13.8
0,0,0,0,0,29,147.8,15,5,0,5,5,0,262.5,75,0
,,,,,,0,0,0,100,75,329.4,24,18.36,0,0
85.5,20,159,0,87.5,0,15,0,110,35,10,0,20,5,0,0
0,39,29,0,3,0,0,44,5,0,30,125,153.5,40,70,10
60,100,35.6,0,64,228,0,0,56,5,0,0,0,0,0,0
0,0,0,0,0,179,0,0,0,0,0,332,0,40,0,0
,21.5,11.5,0,11,5,40,271.5,23.5,29,6,76.5,38,0,0,20
0,5,60,0,0,78,-145,5,8,231,0,0,0,0,312.1,0
409,0,0,0,6,0,0,107,10,0,0,0,12.8,0,10,0
124.5,25.5,0,0,0,0,0,0,0,13,51,96,80,14.5,89,70
0,0,14,0,16.5,0,0,0,0,0,149.5,179,32,10,41,123
,,,,,,,,,,,98,92.5,269,100.46,9
,,,,,,,,,0,12,36,69.5,117.9,178.33,156.35
69,0,121.5,0,279.28,0,21,69.5,10.5,0,0,0,0,0,0,0
2.5,10.5,59.5,0,10,3,0,5,20,0,0,89,145,23,145,60
130,0,10,0,0,0,0,9,11.5,0,10,35,161.6,62,98.2,46.5
,,,,,273.34,301.92,0,0,0,0,0,0,0,0,0
3,95,35,0,3,4,123,8,133,8,2,0,120,-22,3,66
0,0,0,0,0,0,0,0,0,0,0,0,0,120,461.5,0
6,2.5,63,0,70,5,5,60,271,6,0,0,58,36,0,0
0,0,0,0,45,0,0,40,80,160,120,40,58,40,0,0
0,5,10,0,372.18,17,55,2.5,10,41,0,0,66.5,4,0,0
,0,218,0,0,26,0,0,0,0,0,0,0,0,166,178.49
0,47.5,0,0,0,0,-70,19,30,6,0,0,0,18,83.5,456
0,0,0,0,282,0,0,0,0,0,0,0,0,310.27,0,0
,,,,,,,,,,0,0,0,594.5,0,0
,,,,,,,,161,286,51,24,26,6,12,32.95
227.1,81.5,2,0,20,129.5,139,0,0,0,0,0,0,0,0,0
17.5,35.5,21.2,0,0,0,11,0,5,0,2.5,47.5,72.5,382.6,0,4.5
50,0,266,0,20,5,10,15,15,5,41,11,29.8,26,84,25
0,65,0,0,130,286,0,0,0,0,5,25,75,15,5,0
,,,,,,,,,,,,,,488.69,124.75
,,,,,,,,21,452,6,71,0,30,12,24
6,10,160,0,6,168,12,0,50,159.3,0,36,6,0,0,6
37.5,44.5,135.5,0,35.5,4.5,27.5,42.5,42.5,52.5,0,115,0,85,0,0
0,20,95,0,40,330,30,0,0,35,0,75,0,0,0,0
0,0,0,0,0,0,0,0,0,66.5,17,80,272.6,154.8,18.8,16
43.5,80,39,0,0,0,0,230.5,2.5,163.5,0,62.5,4.5,0,0,0
0,0,0,0,0,0,0,0,0,0,0,0,629,0,0,0
,,,,,,,,40,0,53.5,40,0,46,451,0
218,399,0,0,0,16,0,0,0,0,0,0,0,0,0,0
39,0,75,0,10,0,0,0,0,50,109,85,112,89,65,5
0,0,0,0,0,0,0,0,0,0,0,0,0,0,0,640
,,,,,,,,0,0,0,0,0,161,480.98,0
0,0,0,0,221.5,0,0,0,0,156.1,0,15,169.4,47.8,0,32.95
,,,,,,174.6,219,0,0,54.5,0,135.5,60,0,0
6,0,20,0,14,8,10,4,2,2,33,6,11,314.99,56,160
332,15,0,0,0,136.5,0,3,0,0,0,30,0,0,131.58,0
50,0,0,0,0,0,0,0,0,361.02,0,186.98,6,40,5,0
0,0,44.5,0,0,6,0,0,0,1200,-600,0,0,0,0,0
,,,,,,,,18.5,5,0,80,200.5,95.5,6,245
,,,,,,,,,,,,281,48.55,92.8,232.5
,,,,,,,,5,183,51,315,43,48.5,0,11
,249,15,0,0,0,0,29,0,0,54.5,0,0,0,49.25,270
0,20,15,0,16,5,10,5,21,12,15,353,26,25,65,79
0,300,0,0,230,140,0,0,0,0,0,0,0,0,0,0
0,0,0,0,0,0,0,0,0,300,0,0,58,0,314,0
128.5,190.5,27,0,11,14,20.5,28,29.5,6,51,29,34,24,9,70.5
0,251,0,0,24.48,0,0,155.4,139,0,0,29,29,0,22.5,22.5
229,25,0,0,39,0,360,0,20,0,0,0,0,0,0,0
,,,,,674,0,0,0,0,0,0,0,0,0,0
20,20,25,0,30,25,25,30,47,54,36,143.5,53,97,36,33
0,233,139,0,0,89,10,43,0,30,20,35.5,0,41,18,18
0,0,0,0,435.1,0,0,25,90,68.5,0,0,0,60,0,0
112,79.5,24,0,87,0,192,12,0,0,21,18,0,17.5,116.25,0
0,680,0,0,0,0,0,0,0,0,0,0,0,0,0,0
,,,,,,,,,32,35,129.5,31.5,93,302.3,56.95
0,0,0,0,0,0,0,0,206,0,0,391,88.5,0,0,0
0,100,100,0,0,70,5,0,18,0,0,90,119,105,79,0
42,186,0,0,65,78,5,23,109.5,30.5,25,0,23,22,78,0
57,30.5,84,0,162,97.5,123.5,100.5,26.5,6,0,0,0,0,0,0
0,0,25,0,193.1,152,43,48.4,160.3,3,2,0,56.5,3,0,6
16,54.5,0,0,224,0,67.6,0,0,0,0,167.5,0,32,9,125.3
0,0,15,0,28,0,15,45,42,9,359,39,15,55,36,40
52.5,120.5,78.5,0,5,115,109.5,62,32,99.5,4.5,20,0,0,0,0
,,,,,,,,,,,,,286.66,271.75,142.15
150,35.5,360,0,89,0,0,38.1,5.5,0,0,2.5,0,20,0,0
10,60,13,0,81.4,10,5,0,10,183.5,15,95,63,20,55,80
0,0,330,0,0,0,10,0,139,0,73.2,2,0,0,150,0
80.5,153,45,0,90.5,123.5,60,48.5,12,7.5,16,15,19,35,0,0
,,,,371,12.5,0,45,152.5,14.5,28,47,25,12,0,0
198,0,0,0,316.91,0,192.78,0,0,0,0,0,0,0,0,0
0,0,0,0,18,0,10,0,0,40,25,0,615,0,0,0
27.5,118.25,0,0,0,0,17.5,20,48,0,30,100,347,0,0,0
,,,,,,,,85,48,30,104,102,78,202,60
23,42,44,0,77,15,59,87.5,41,71,55.5,48,30,30,62.5,24
128,0,0,0,30,0,20,0,50,0,0,300,5,0,10,170
0,-42.5,0,0,0,0,0,0,300,100,0,0,0,360,0,0
62.5,145,66,0,30,40,0,0,0,0,40,0,0,237.45,32,69.99
38,94.5,96,0,94.6,389.4,12,0,0,0,0,0,0,0,0,0
33,10,291,0,101,27,5,126,21,111.5,0,0,0,0,0,0
252,92,34,0,8,0,0,0,0,0,29,70,223,15,0,3
,,,,,0,251.6,338,0,0,100,0,0,39,0,0
,,,0,10,0,146.8,145,13.5,27.5,10,128,79,85,9.5,75
59.5,30,183,0,56,20,170.5,92,5,54.5,15,38,10,0,0,0
0,0,0,0,0,0,0,0,220,0,0,137,0,0,148.46,231
0,0,60,0,5,97.95,40,0,41,49,91,84,30,134,90,24
22.5,20,0,0,5,699,0,0,0,0,0,0,0,0,0,0
,,,0,10,0,0,0,0,0,180,80,15,0,376.5,85
10,411,0,0,3,59,100,30,0,23,0,36,0,31,38,6
0,0,0,0,0,0,0,86,0,88,21,44,0,488.95,25,0
75,0,2,0,404.1,0,182.6,0,0,0,59.5,0,0,0,35,0
0,0,0,0,502.9,107,0,0,0,149,0,0,0,0,0,0
,,,,,,,81.6,67.5,101.5,157.5,5,130,82,138.99,0
36.5,125,162,0,108,78,110,147.5,0,0,0,0,0,0,0,0
0,184,0,0,0,0,45,0,10,0,100,135,30,205,30,30
,,,,,,,,,434.02,42.5,15.5,214,45.8,17.3,0
58,3,160,0,65,3,90,0,0,204,0,0,69,0,0,118
6,3,82,0,6,30,122.6,6.5,35,157,0,189,129,0,9,0
126,653.6,0,0,0,0,0,0,0,0,0,0,0,0,0,0
35,45,15,0,539,15,50,61,5,18,0,0,0,0,0,0
,,,,,,,,147,281,20.5,6,266,28,36,0
11,46,0,0,248,46,24,6,70,28,70,47,50,15,109,18
44,80.5,30,0,103,18,25,25,25,35.5,30,96,85,10,122.5,60
,,,,,,,,,,,,,,489.95,300
,,,,,,,,15,189.3,34.5,199.5,216.45,32,87,18
,165.5,294.5,0,54,74,29,10,0,0,0,74,6,44,22.5,21.5
33.5,40,162.5,0,27.5,30,20,37.5,46,6,0,158.5,35,6,95,98
,,,,,,,,32,156,85,73,118,146.5,170,18
0,799,0,0,0,0,0,0,0,0,0,0,0,0,0,0
98,0,193,0,0,34,8,0,0,0,0,0,29.5,140,243,55
,167,361,0,143,120,10,0,0,0,0,0,0,0,0,0
,,,,,15,0,12,22,87,5,48,158.08,248.96,77,130.75
,,,,,,,,414.94,389.2,0,0,0,0,0,0
,,,,,,,,,168.5,86.5,92,157.4,146,104.9,50.1
477.5,48,0,0,115,5,5,14.5,6,12,34.5,82,6,6,0,0
15,0,0,0,0,0,0,0,800,0,0,0,0,0,0,0
793.2,0,0,0,0,0,0,0,10,0,0,13.5,0,0,0,0
,,,,,821,0,0,0,0,0,0,0,0,0,0
13,5,670.14,0,27.5,105.98,0,0,0,0,0,0,0,0,0,0
339,15,0,0,12,12,53,0,5,0,0,382,5,0,0,0
115,56,43,0,44,0,0,13,5,0,129.5,186,63,73.9,71,24
,,,,,,,,16,88,52,46,97,437,94.78,0
,50.5,21,0,43,26.5,115.5,0,75,12,85,46.5,50,83.3,12,219
,,,,,,,,70,24.5,39.5,132.5,37,146.6,253.31,138.3
0,0,0,0,0,49,0,0,199,4.5,0,0,0,330.55,0,262.5
0,0,0,0,199,224,0,29,0,0,0,5,363.95,0,26,0
2,0,210,0,0,0,2,198,144.5,0,5,0,6,0,11,272
,,,,,,,,65,71.4,0,0,199.3,427.3,99,0
6,5,0,0,0,124,50,0,205,0,10,10,47.95,15,390,0
102,10,68,0,48,24,0,0,0,36,24,65,367.5,125,0,0
279,53,63,0,50,50,50,60,43,54,30,44,46,10.5,40,4.5
0,25,0,0,0,0,0,55.6,28,30,0,616.3,7.5,91,12.3,15
54.5,21,32,0,35,106,5,90,11,241.5,6,70,82,88,40,0
69.5,0,264,0,502.5,49,0,0,0,0,0,0,0,0,0,0
3,10,303,0,10,0,53.6,2,283,3,0,0,0,3,217.4,0
15,104,98,0,60,5,58,135,61,76,20,89.5,174,0,0,0
,,,,,,,,123.4,123.8,109,39,12,20,6,466
,,,,,,,,,,,,,,167,733.78
6,70,89,0,5,80,52,125,0,100,0,250,21,100,6,0
5,5,9.5,0,2,227.5,44.5,70,68.5,17,33.5,70.5,31.5,200.5,36,83
0,0,0,0,390,251.7,0,29,12,0,0,0,85,0,0,139
0,60,29,0,4.5,191.5,5,0,39,143,30,75,80,70,105,75.5
15,10,23.5,0,5,5,155,15,37,18,32,43,132.1,41,112,266.95
0,110,0,0,35,20,0,0,0,0,210,315,24.5,20,125,52
310.4,27,25.5,0,239.5,18,10,7,48.5,29.5,0,198,0,0,0,0
10,10,143,0,18,232,13,199,39,16,10,34,57,18,102.5,12
,,,,,,,,231.2,130,2,225,328.25,0,0,0
16,10,4,0,38,106,6,139,476.25,64.5,0,0,38,15,6,0
0,0,0,0,186.3,0,0,0,0,0,0,35,447.8,21,15,214
,,,,,741.6,177.95,0,0,0,0,0,0,0,0,0
,,,,,,,,,,,,,,,919.94
166,2,25,0,48.5,23,0,22.5,62,53.5,22.5,0,40,0,449.99,6
198,0,10,0,0,0,63.6,399.4,0,0,0,82,0,0,170,0
0,0,29,0,117,263,5,0,359,23,40,0,70,20,0,0
3,256.5,0,0,468.5,0,10.5,144,45,0,0,0,0,0,0,0
,,,,95.5,111,71,12.5,24.5,144,146.5,41,93.5,196,0,0
203.5,368.5,0,0,0,0,66,143,0,0,0,0,0,0,120.5,40
,,,,,,,,38,262.08,144,98,102.5,112,81,103.98
,,,,,,,,118.5,556.6,107,0,6,45,109,0
,,,,,,,,73.6,394.55,23,105,261.5,10.5,42,32
109,0,0,0,105,40,91,45,533.5,3,0,0,4.5,9,0,4.5
,,,,,,434.5,0,425,48,0,0,0,40,0,0
,,,,,,,,28,144.5,14.5,330.5,32.95,121.75,263,18
433,49.5,0,0,0,0,0,0,0,0,0,203.9,272,0,0,0
400,0,0,0,530,0,10,0,19,0,0,0,0,0,0,0
0,167,0,0,5,2.5,0,0,48.5,46,45,212.1,55,195,113.75,77
0,20,5,0,0,154,307,0,278,0,100,70,0,0,0,35
20,10,12,0,17,0,0,5,20.5,24,0,20,19.8,30,693.77,97.6
119,334,0,0,80.1,0,20,0,197,81.2,0,140,0,0,0,0
0,72,17,0,35,352.5,25,130,10,30,0,47,81,117,24,36
159.2,0,75,0,37,80,20,195.4,32,12,37,75,62.8,40,85,67
91.5,299,684.1,0,-251,10,80,68,0,0,0,0,0,0,0,0
10,150,44,0,15,0,39,15,10,172,10,20,213,70,125,95
,,,,,,,,,,,,,,749.9,241
13,10,30,0,24.5,48,44,102.5,209,54,33,101,154.5,127.5,39.5,11
111.5,39,142.4,0,12,106,103.2,158.1,10,42,0,69,5,161,42.5,0
40,55,62,0,72,12,53,77,89,84,36,32,196,60,90,45
,,,,,,,130,114.5,761.2,0,0,0,0,0,0
,,,,,,,0,0,184,0,0,0,826,0,0
130,0,0,0,0,0,10,0,90,360.4,0,0,50,85,285,0
3,115,0,0,0,0,70,194,309,10.5,65,0,0,0,0,245
31,64,210.5,0,104,42,44,99,77,72,0,56,63,87,23,42
28,0,0,0,246,0,0,99,139,0,337,0,10,0,153,5
,,,0,155.5,20,82.6,165.6,54.5,9,64.5,224,35.5,122.5,70,18
0,6,6,0,8,373.48,6,6,43.6,186,6,26,187.8,41,60,66
,,,,,,,,,0,220.2,103,170,106.5,430.5,6
18,27,30,0,5,15,126,578,140.5,0,0,0,6,0,38,53
30,232,10,0,95,34.5,0,5,404,110,5,9,3,100,0,0
,,,,,,,,,,,,,,1041,0
7.5,61.5,17.5,0,61,45.5,93,20,60,217.5,18,42,255,48,70.75,24
,,,,,,120,262,82,94.5,18,19,67.5,60,153.75,168
0,350,0,0,12,0,0,0,79.41,2,0,6.01,257.89,74.1,18.77,251.03
,,,,,,,,20,415,6,212.5,305,50.5,36,10.5
30,30,0,0,95.4,0,0,0,0,0,0,571.52,274.5,54.5,0,0
25,130,0,0,0,20,63.6,116.6,170,0,0,0,84.5,0,107.1,340
0,874,48,0,0,115,0,5,0,17,0,0,0,0,0,0
0,0,89.5,0,0,298.19,0,0,5,50.7,0,16.5,46.5,480.41,64,9.5
338,0,0,0,145,229,253,22,10,0,0,0,64.95,0,0,0
,,,,,302,733.38,0,0,29,0,0,0,0,0,0
,,,,,,,,,90,57,194.5,190.27,113,306.46,119.25
3,2.5,0,0,0,39,100,198.5,110,39,50,86.5,199.5,13,182.5,55
14,6,57.5,0,36,94,204.4,161,4,181.5,70,0,88,123.5,20,20
0,160,40,0,263.1,0,0,40,0,281.1,0,0,0,296,0,0
235,5,74,0,0,113,265,188,148,54,0,0,0,0,0,0
0,29,65,0,36,403,40,62,30,137,30,48,70,0,15,117
9,4.5,363.5,0,0,25,4.5,72.6,206.14,41,0,221.5,20,21.5,0,96
244,479.5,27,0,91,5,0,29,5,0,0,0,79,91,5,32.95
0,0,29,0,219.1,205,94,48.6,0,320,0,46,24,75,18.5,12
0,0,0,0,0,166.4,20,5,45,34,105,8,503.4,0,205,0
210,167,377,0,59,35,14,0,0,0,0,124,95,0,12,0
0,40,21,0,0,46,0,275,10,173.28,18.5,0,23,488.95,0,0
0,0,0,0,0,10,0,0,0,0,0,0,0,53,607,432.99
74,18,66,0,326,15,28,0,5,74,20,139,30,84,85,141
,,,,,,,17,16.5,156,0,105,184.4,328.11,119.95,178.8
210,0,0,0,466.5,0,80,350,0,0,0,0,0,0,0,0
518.5,100,350,0,82,60,0,0,0,0,0,0,0,0,0,0
,,,,,0,373.7,10,135,227.5,10,0,0,347.95,7.8,0
22,40,20,0,70,578,138.8,0,27,70,44,21,26,0,21,36
100,91.5,687,0,0,236.5,0,0,0,0,0,0,0,0,0,0
,,,,,,,,,,,,,,,1120.4
5,9,97,0,216.5,98,229,84,19.5,85.5,21.5,118.5,47,9,47,36
41,59,80,0,42.5,15,45,22.5,48.5,87,24,56.5,370,108,82,42
0,0,0,0,1123,0,0,0,0,0,0,0,0,0,0,0
,,,,,,,,145.38,136,57,140.5,69.75,193.4,368.45,13
30,14,41,0,8,33,501,145,70,0,32,93.5,4.5,3,143,9
5,193.5,39.5,0,109,78,102.5,0,0,0,80.5,143,98.5,20,139.75,120
109,122,38,0,0,2,30,435.6,2,180,72,40,42,6,39,18
,,,0,195,0,95,0,387.5,5,0,2.5,239.1,212,0,0
105,130,100,0,120,110,150,145,281,0,0,0,0,0,0,0
,,,,,,,,,70,0,109,53,100,809,0
0,305,196.4,0,395.5,24,0,62.5,36,12,0,0,42.75,32.5,0,34.5
,,0,0,0,0,170,19,629,0,20.5,39,10,31,214.8,10
261.5,0,176,0,0,0,10,20,104,0,0,122.5,186,120.5,0,145.5
165,157.5,0,0,18,48,9,9,196.5,172,13.5,13.5,158,70,78,39
,,,,,,,,,,,,,475.2,396.1,277.5
0,42.5,29,0,0,0,0,203,0,0,494,353,0,29,0,0
,,,0,5,11.5,150.2,242,258.4,5,2,140.5,14,109,213.1,0
36.5,353,256,0,10,2,8,21,36,4,6,6,25,21.3,234.04,140.65
10,31,0,0,12,10,5,0,0,0,0,0,0,0,229.95,865.82
208,78,0,0,0,350,0,0,0,150,0,0,180,200,0,0
87,151,10,0,18,69,272.4,72.6,55,78,72,222.5,15,12,9,23
119.5,140,95,0,107,423,21,50.5,39.5,7.5,0,28.5,58,36.5,8,37
0,35,354,0,118.1,40,122,29,43,0,139,27,18,78,164,6
28.5,119,49,0,77.5,39,110.1,84,35,73,327,37,41,12,35,106
52,128,219,0,63,79,40,216,114,150,12,38,12,15,29,12
0,0,0,0,0,0,0,0,0,110,75,0,0,952.5,40,6
,,,,,,,,,,,514.95,229.45,193.85,124.95,124.95
,,,,,,,,2.5,99.5,80,589,59,0,0,359.95
120,0,0,0,60,150,114,260,135.6,5,328,10,6,0,5,0
0,57,42,0,80,26,9.5,20,77.9,61,0,0,296,39.75,238.5,246.5
32,7.5,228,0,40,37,39,0,0,0,5,618,179,10,0,0
1124.5,6,0,0,0,0,0,0,0,0,0,0,60.8,0,0,8.06
17.2,14.6,0,0,191.02,106.93,59.1,0,399.89,23,4.82,18.62,226.6,15,101.74,30
0,0,25,0,605.2,170,0,0,0,0,0,0,10,210,35,155
,,,0,74,64,72.5,110.5,194,69.5,57.5,24,12,384.77,148.9,0
0,138,55,0,50,110.28,71,0,10,0,9,437.2,113.5,150,14.5,54
89,3,50,0,84,50,35,5,80,0,101,75,40,45,60,499.95
0,4,3,0,10,0,5,0,0,195.3,14.5,222.5,346,45,37.5,336
75,50,120,0,5,0,0,0,10,235,0,449,0,186,84,6
65,313.1,200.68,0,0,0,0,0,427.4,137.7,72,6,0,0,0,0
5,20,15,0,0,0,0,0,30,0,0,0,0,0,488.5,667
30,785.5,0,0,12,187.5,0,0,0,20,0,0,0,30,0,167.5
,,,,503.5,4.5,10,412,15,0,57.5,134.5,59.75,40,0,0
,,,,,,,,,,,,,36.5,1179.55,30.5
140,12.5,50,0,57,104.7,42.5,25,40,86.5,11,6,118.5,41.7,18,494
35,120,130,0,75,32,117.5,42.5,95,506,-354.1,123,60,11,99,159
54,5,65,0,186.3,99,128.6,0,345,317,25,29,0,0,0,0
0,21,65,0,0,20,90,318,0,219,4.5,198.5,226,47.8,44.5,0
195,238.5,137.5,0,215.5,468,0,0,0,0,0,0,0,0,0,0
0,0,470,0,664,9,35,29,0,4.5,0,0,4.5,38,4.5,0
71,94,238,0,409.1,51,8,139,6,4.5,0,0,39,114,81.95,4.5
246,149.6,166,0,176.5,142,360,20,0,0,0,0,0,0,0,0
0,144.25,233,0,169,37,350,7,5,3,8,0,294,3,5,3
,,,,,,,,,,,,270.5,575.5,220,199
81,83,30,0,157,302,25,30,85,75,21,42,56,68,159,56
15,147,124,0,4.5,371.5,2.5,0,0,231,0,325,0,6,29,18
52,27,37.5,0,31.5,0,86.5,0,28,10,51,148,110,485.95,85.5,121.5
,,,,,,,,0,0,0,0,235,24,1012,6
5,118,15,0,61,33,50,15,72,52,30,85,110,70,444,120
0,134,0,0,46,73,0,40,0,255,0,188.95,20,159,367.95,0
5,39,140,0,52.5,226.5,10,216.4,70,80,220,58,93,12,45,20
0,8,22,0,281.1,103,35,46,239.5,23,74.5,84.5,6,147,96,126
0,101,127.5,0,13,15,17,19,42,4,13,31,257,614.6,8,39
274,160,130,0,48,0,188,0,5.5,0,0,132,10,49,270.5,35
147,114,228,0,99,0,176,139,0,62.3,45,54,221,6,0,20
,,,,,35.5,209,270.5,133,60,32.5,196,106.3,253.2,22.5,0
41,4,22,0,30,246,60,147,306,34,2,90,87,107.5,138,6
,,,,,,838.5,40,0,152,0,46,129,80,0,40
5,0,10,0,56,0,405,5,451,0,0,291,14,0,0,89
714.5,88,195,0,330,0,0,0,0,0,0,0,0,0,0,0
,,,,,,,,52.5,463.7,8.5,396,221,101.5,84,6
,,,,,0,0,0,0,0,0,0,1985.5,-651.75,0,0
,,,,,,204.1,76,88.5,162,31.5,114,315.6,69.5,105,170
453.5,6,3,0,148.2,29,7.5,14.5,295.5,0,0,131.5,3,237.95,6,3
,,,,,,,0,0,0,0,100,335,300,0,604
78,99,89,0,91,167,0,62,0,0,0,93,123,30,0,508.49
0,55,122,0,201,20,270,106,208.5,14.5,6,22,68,0,127,123
0,0,5,0,20,323,215,184,120,252,6,68.5,0,62,5,85
0,0,0,0,0,0,0,0,0,0,2,46.5,471.5,260.6,564.8,3
150,111,103,0,120,179.5,125,131,0,270.18,28,33,30,68,0,0
48,31,316.5,0,5,0,50,8,5.5,71,75,75.5,40,115,461,55
,,,,,,,,237.6,192,106,193,162,42.95,280,159
502,299,0,0,0,0,263.2,0,88.8,216,0,0,10,0,0,0
7,187,2,0,252.5,7,89,9,149.5,24,46,50,28.5,26.25,119.25,384
,,,,0,60,0,30,5,40,0,23,21,201,353,650.99
0,0,0,0,28,809,0,0,10,20,0,62,193,6,57.9,203
832,128,20,0,0,40,0,5,28,6,0,200.5,5,125.53,0,0
0,199,0,0,0,6,87,0,19,0,39,0,0,0,10,1031.9
52.5,158,50,0,111.5,89,50,130,31,84,173.5,60,117,134,45,108
0,40,0,0,22,49,0,0,0,75,0,0,5,1129,0,82
,,,,44,11,0,150.64,3,0,6,471,180.45,446.55,75.75,15.6
,,,,,188,392.5,195.6,114,50,57.5,125,91,100,68.25,22.5
10,261.6,62,0,0,0,32.5,104,10,61,10,60,160.5,46,326.75,290
20,15,0,0,20,10,74.6,234,10,401.4,6,12,509,11,101,24
39,125,0,0,27,0,45,329,180,0,10,55,33,406,44,156
187.2,11.5,3,0,60,0,60.5,125,-1.5,221.5,135,100,79.75,115,147.5,213.5
0,0,0,0,0,19.5,464,48.5,407.5,30.5,108.5,45,52.5,174,73.5,35.5
34,10,25,0,15,45,79,15,117,91,46,95.5,101,275,383.95,127
,,,,,,,,165,517.2,38,118,93,197.5,163,169
,,,,,,,,,34,237.5,204.6,191.1,154,601.95,40
9.99,13,5,0,16,5,99,109.5,73,234,11,21,80,87,686,18
,,,,,0,0,0,0,284,0,10,40,505.99,629,0
,,,,,,,,,,,,895.9,201.5,278.24,101.5
422.5,1055.9,0,0,0,0,0,0,0,0,0,0,0,0,0,0
7,87,69,0,222,4,251,12,89.6,202,17,21,294.5,63.5,78,66
,,,,,,,,5,0,481.68,144.5,380,411.95,55,6
590,58,201,0,34,5,108,21,16,118,197,45,54,11,22,5
0,3,10,0,20,0,164.5,10,48,12,0,120.5,304.95,515.45,18,260.91
5,62,241,0,43.5,139,122.5,6,30,42.5,52,28,24,610,38,52
0,0,0,0,1052.7,450,0,0,0,0,0,0,0,0,0,0
80,199,5,0,53,5,60,5,5,0,65,152.5,115.5,202.5,556,0
,,,,,,,255,0,100,8,22.5,11,207.45,351,552.94
,,,,,,,,,235,193,340,150.1,242.1,219,130.59
145,859,265,0,81.5,61,100,0,0,0,0,0,0,0,0,0
129,174.7,0,0,5,0,0,0,5,0,0,0,0,1200,0,0
90,149.75,95,0,5,10,41,5,161,0,26,371,139,10,367,45
37.5,80.5,73,0,17,80,24,49,37,30,31,175,377,36,677.49,-207.5
0,0,5,0,5,135,60,173.4,9.5,60,5,11,30,1000,21,5
76,739,402,0,7.5,127.5,3,0,43.5,119,0,0,3,0,0,6
210,44.5,20,0,0,141,20,98,168.3,129,4.5,0,360,0,334,0
78.5,4.5,91,0,39,20,294.6,198,49,315.9,0,36,67.5,134,180,24
136,67.5,0,0,27,99.5,0,0,85,0,584,335,35,167.5,0,0
,,,,,,,,210.9,213.5,301,154,327,95,215.5,22.5
,,,,,,,,50,10,7,518.7,127,107,500.6,222
148.5,572.25,0,0,0,0,5.5,0,30,40,0,0,0,747,0,0
0,135,0,0,0,224,85,0,0,85,5,360,85,312,85,170
0,83,137,0,223,251,135.8,152,40,63.2,6,169,57,87.5,88,54
,,479,0,38.5,212.5,33,33,130.5,153,19.5,23,105,146,134,40
,,,,,,,,208.5,141.5,146.5,31,135.5,450.68,269,167.78
,,,,,,,,,,,,436,320.55,697.3,96.95
24,11,0,0,0,0,6,0,0,0,0,78.5,37.95,35.5,5,1353
,,,,,,,,,94,357,285.5,584,0,0,240
30,69,130,0,187,12,106,42,366,154,46,153,30,5,119.5,124.8
,,,,,638.04,0,12.5,856.88,15,0,0,0,54,0,0
,,,0,49,167.5,134.2,103,12,21,52.5,98.5,142.9,116.25,680.29,0
125,450,130,0,160,165,145,105,50,84,5,70.5,5,45,40,0
,,,,,,,82,22.5,380.16,42.5,632.5,46.25,123.5,130.25,130.5
0,731,80,0,390,0,150,0,0,0,0,0,0,0,240,0
,,,,,,,,,,,,,1158.48,423,11
,,,,,,,,5,0,0,0,1050.8,222.99,19.5,299
27,202.1,152.5,0,190.5,67,398,107.1,126.5,54,20.5,48,145.1,30,34.8,0
220.4,-2.5,399,0,6,6,64,435,33,107.5,0,0,337.45,0,0,0
65,0,0,0,115,0,68,39,130,45,40,239,118,130,380,245
150,8,38,0,170.1,67,21,139,224,407,2,141,110,3,0,135
,,,,,,7,214.4,92,54,164.5,651,54,144,46,195
194,161.3,40,0,103,62,99,79,72,173.6,16,110,239,12,105,156.1
0,0,0,0,0,0,0,358.5,10.5,76.5,139.5,307,292,236.8,75,131.1
15,65,430.1,0,316,0,185,20,20,51,101,97,106.75,34,93,100.75
219.1,105,133,0,127,219,4,287,-97,260.16,5,193,121.5,32,20.25,14.25
,,,,,,,,154,93.5,139,86,483.14,437.48,181.95,68.55
427.1,87.2,122,0,165,72.28,52,31,181.2,39,17,66.25,85.75,158.5,19,123
57,30,85,0,93,276,57,25,48,293.2,18,24,53,30,141,423.9
,,,,,211,55,135,361.5,233.2,30,115,214.5,169.5,91,41
,,,,,,294.5,620.5,55,79,0,0,26.25,85.4,300.85,198.1
80,47,116.5,0,83,33.5,404.9,509.8,62,111.5,18,76.5,57.5,56.5,4.5,0
184,138,356.98,0,18,52,109.58,245,257.64,9,19,107,81,12,68,18
0,234.1,0,0,58.5,123,30.5,37,5,29,0,18,20,19.5,697.9,403
0,7.5,0,0,0,0,0,12,0,0,0,5,378.95,882.45,189.9,204
32,41,36,0,201.52,47,248,0,21.5,90.5,0,0,365.5,0,553.95,47.31
158.9,184,17,0,233.69,17.5,0,0,0,220,0,0,0,95,762,0
0,0,3,0,0,0,39,249,3,403.5,34.5,37.5,4.5,155,468.5,300.95
10,0,0,0,89,158,290.6,0,107,526.5,7,29,113,40,237,92
30,20,50,0,50,80,252,65,65,48,474,120,55,135,208,48
299,64,27.5,0,65,120,54.5,60,16,15,185,226.6,161,5,20,384.95
30,0,0,0,25,30,115,0,15,50,30,40,30,120,1210.77,10
34.5,220,40,0,40,10,323,15,56,341.93,33,49,187,210,77,72
0,1257.5,465,0,0,0,0,0,0,0,0,0,0,0,0,0
0,10,181,0,99,71,115,121,119.5,0,42.5,315,136.05,187.9,166.28,158.45
89,567.8,5,0,118,102,288,19,0,444,0,70,0,6,18,0
83,72.25,39,0,0,11,169,166.4,180,97,32,45,192.75,334,89.25,227
,,,,,,,,,,,,,,,1742.8
510,88.5,0,0,308.4,0,0,0,10,338,23,259,45,40,43,95
,,,,,,,90,134,0,658.2,240.5,102,114,333.03,92.35
,,,,,,,,387,99,186,418.5,172,236.95,268.25,0
173.5,72.5,203.9,0,30,81,165,266,205,76.5,67,20.5,36.5,33,151.9,190
100.5,110,12,0,0,63,65.5,0,0,0,6,201,107.25,1057.5,55.5,0
5,91,49,0,96,65,80.5,146.6,60,454.2,52,159,218.8,76.25,125,101
40,25,147,0,41,33,146,139.5,403,37,87,129,82,74,219.25,185
0,0,0,0,176,16,6,106,45,0,4.5,10,102,0,512,810.99
40,0,97,0,0,38,110,0,0,0,0,0,244,370.5,851.5,39
268,51,78,0,59,53,215,120,38,124,33,155.5,233,181,71,114.2
0,105,55,0,54.5,181,50,50,50,932.02,0,129.5,0,50,50,90
20,60,90,0,60,0,0,0,250,226.6,110,60,463.5,214,125.1,119
432,0,0,0,65,346,27.5,0,0,80,25,85,82.5,33.75,281.5,345
129,188.5,199,0,195,2,100,179,269,3,0,0,0,76,347,129
,,,,,,,,,,,,,1348.5,475.5,-6
119,109,0,0,115,12,55,88,88,430,200,475,50,60,20,0
213.5,154.5,-72,0,182,109,208.5,0,83.5,306.7,160,207,199,0,0,73
87.5,5,29,0,123.4,77.4,527.8,119.4,67,361.14,26,73,139.5,30,130,30
245.4,20,359,0,410,121,90.5,130,45,67.5,12,56,88,122.25,51,12
37.5,110,260.98,0,142.5,25,52.5,499.5,46,367.3,52,127,111.5,0,0,0
24,89,43.5,0,63.5,239.4,18,55,10,59.5,5,681,11,12.5,521,5
10,195,120,0,549.4,355,156,20,16,194,6,30,17,18,117,36
,,300.5,0,318,0,0,0,0,0,0,0,1239.45,0,0,0
,,,,,,,,,1286,0,89.5,144.5,337.95,0,0
47.5,35,35,0,30,382.5,30,30,192,121.5,118,122.5,486.25,105,82,42
52.5,177.5,115,0,92.5,318,105.5,237.5,82,101.5,64,143,75,80,69,150
6.5,112.3,196,0,4,184,212.1,321.5,180.5,117,12,46,145,12,315,3
65,55,15,0,10,184.4,105,1120,26,6,0,110,32,78,39,25.5
212,290,139,0,0,203,263,132,68.5,10,62.5,140,50.5,57.75,154.95,92
0,103.5,99,0,0,99,68,307,233,462.5,0,98.5,199,208.36,0,0
20,166,110,0,466,47,69.6,16,10,90.5,45,62.5,115.5,236.95,232.25,197
440,0,20,0,270,17,47,21,68,40,50,121,129,417,42,206
,,,,0,25,449,102,115,317.2,28,43,18.75,216.3,194.15,381.75
682,15,10,0,192,116.2,106.2,11,165.5,473.2,26,0,12,70.46,12,0
,,,,,,,,0,100,0,265,531.5,125.5,860,10.5
206,135,92,0,87,112.88,152.6,93,132,-8,22.5,163,212.25,220,112,170
0,105,112,0,30,196.4,8,416,145,59,70,25,245.5,153,285,73
89,346,2.5,0,20,400,197.2,153,0,145,25,30,32,439.5,0,44
0,160,0,0,0,0,143.5,0,10.5,0,0,726.5,454.5,61,120.3,258.4
55.75,1893,0,0,0,0,0,0,0,0,0,0,0,0,0,0
,,,,,,40,14.5,192.5,58,19,117.5,246.75,172,699,390
250,95.5,10,0,67,210,12,10,10,144.5,68,523,64,65,341.95,101
0,79,74,0,150,84,181,87,96,243,48,84,93,155,486.95,111
21,20,30,0,50,206.5,71,70,56.5,461.5,24,290,80,34.5,30,536.95
0,46,0,0,15,104,144.8,26,123.6,442.7,62.5,298,187,110.3,105,318.8
0,285,0,0,0,30,120,395,55,30,150,160,130,461,169.5,0
0,0,293,0,349,207,5,25,137.3,0,15,100,71,375,161,248
91,74,216,0,30,2,415.3,430.6,73,8,9,274,293.25,40,49,3
,,,,,,,,,,,,1760,259.91,0,0
219,46,30,0,196,117,381,252,65,203.9,34,132,55.5,150,68,78
169,20,40,0,1040,20,25,50,232,42,46,106,119,36,36,48
0,6,525,0,443,165,341,0,242,95.2,0,60,18,44.5,104.95,0
0,392,45,0,153.56,15,85,148,37,66,50,154,214,36,491.15,168
475,334,247.5,0,39,213,326,89.5,58,12,30,70.5,78,15,58,10.5
15,75.5,6,0,0,0,0,0,0,87,59,229.2,973.75,142.5,424.5,58
52,143,332,0,44,72,245,141.5,40,65.5,97.7,160,228.5,20,285.95,145
,,,,,,54,95,0,0,95,479.5,250.75,152.25,557.09,392.95
250.4,21,58,0,192,92,45,105,61,441,12,78.5,112.25,429.45,37.8,141.3
201,3,116,0,85,118,604,415.2,20,30.5,2,123,0,0,46,316.25
226,75,213,0,40,55,87,30,399,36,188,364,133,24,48,171
234,24,0,0,0,0,0,0,0,0,0,0,195.8,331.58,0,1329.46
,,,,,,,,,,,,34.5,1204.45,246,630
0,180,21,0,459.2,65,337,0,0,106,70,76,305,253,209,46
21,90,199,0,472,190,467,0,456,75,35,90,35,0,0,0
75,85,5,0,127.1,400,553,15,26,36,183,60,254,160.5,100,53
,,83,0,21,123,27,111,717.5,184.5,0,74,380.75,395.5,6,12
39.5,39.5,80,0,84.5,521.5,43,120,110,90.5,92.5,503,88.5,134.45,133.45,66
71,269,180,0,25,0,244,139,469,0,0,0,0,6,0,762.9
77.5,734,82,0,57,164,121,83,89,65,134,45,58,39,268.5,153
261.8,330,270,0,209.17,145,120,11,44.5,0,318,29,13.8,20,335,64.95
0,0,0,0,0,0,0,275.5,0,0,0,0,0,1528.98,375,0
654,0,0,0,0,1526,0,0,0,0,0,0,0,0,0,0
421,215.3,76,0,78,246.4,66,237,100,275.15,18,4,15,42,106.25,289.5
108.5,921,18,0,0,0,0,0,40,20,0,467.48,332.95,179,32.95,73.26
285,115,445,0,54.5,152,300,23.5,98.5,243,42.5,93.5,210,70.5,58.3,4.5
74.5,202.5,22,0,201,191,55,40.5,81,257,96,115.5,403.5,181,163.75,129
0,59.5,0,0,0,8,17.5,0,98,578.5,189.5,63,324.25,259.1,327.25,290.75
21,199.4,122,0,225,69,67,100,352,0,280,150,377,50,82.5,125
14,14,127,0,252,32,74,0,127.2,599,39.5,158,22.8,443.95,230.45,92
,,,,,329,18,123.5,90,139.5,0,0,0,56,1458.5,17.5
0,52,11,0,0,5,36,126,441,0,98.5,998,162,185,125.9,0
95.5,0,0,0,261,0,95,64,42,290,32.5,218,371,114,510,148
278,275,11,0,0,551,545,10,278,0,34,19,51.25,0,158.5,58
379,863.1,374.9,0,25,20,43,369.38,15,56,0,0,11,6,62.1,47.58
,,,,,,,,343.75,259,105.14,637.92,523.23,177.08,203.14,29.99
43,154.5,34,0,178,47,40,16,340.9,376,363.5,37,147,132.5,311.23,64
,,,,,,,,653,46,65.5,298,528.5,214.5,463.95,23
37,499,115,0,105,0,5,0,5,170,15,115,568.95,488,100,70
281,332.5,512.5,0,175,29.5,145.5,299.5,304,9,0,6,120.8,80,0,0
53.5,35,244.5,0,108.5,384.5,168.5,13.5,0,0,9,168.5,202,841.57,90,0
0,183,0,0,0,0,0,0,96,10,0,458.44,372,1203.7,0,0
246,93.4,226.5,0,99,0,354.2,620.9,2.5,159.5,211.5,0,70,156.5,32.45,60
73,258,40,0,108.5,172,413,215,38,179.5,16,259.5,18,464.34,44,38
31.5,0,271,0,213.2,72.8,48,53,99.5,41.5,50,40,634.45,485,299,0
66.5,49,3,0,0,0,0,0,22.5,229.5,237,333.5,369.5,475,196,366
,,,,,162.5,177.6,184.4,100,231,22.5,80.8,968,199.5,235,0
,,,,,,,,72,66,24,193,626.5,240,707,435
15,25,79.5,0,88.5,5,64,314,61,333.25,118,109.3,208.1,150.8,796.25,0
,,,,,,,160,54,232,107,290,424,365,522.05,214.5
600,680,42.5,0,7.5,500,37.5,0,0,250,0,0,0,216.5,35,0
155,0,30,0,0,65,0,15,339,433.8,174.2,5,280.5,699,114,60
8,137.7,85.5,0,332.18,34,203,255,0,270.5,442.5,47.5,12,455,79,10
,,,,,,,,,,12,523.5,1268.78,534.13,40.5,0
20,15,54,0,49,52.5,30,68,362,0,4.5,25,179.37,325.53,88.91,1105.49
0,231.3,125,0,89,34,206,207,5,120.2,10,367,129.3,335.06,61,467.9
688.5,480.76,226,0,115,109,120,0,333.1,259.2,0,10,40,0,39,0
692,87,354.58,0,203.91,40,120,372,106,159,6,169,112,0,0,0
95.5,178.5,60,0,862,68.5,256.5,79.5,209,73,61,237.5,16,50,176,0
40,50,260,0,429,62,95,80,130,270.3,52,84,156,423.67,190,138
58.5,36.5,117,0,119.5,69,210,164,173.5,195,122.5,276,244,334.5,64,277.5
0,443.1,107,0,299,53.5,210,118.5,276,73.5,74.5,313.5,317.5,62,324.5,-208.5
0,62.5,12,0,0,65,136.5,99,351,72.5,143.5,138.5,201.5,310.35,0,872.8
185,263.5,268,0,5,349,71.1,13,49,329,15,88,105,416.5,219.5,89
,,,,,,,,,,,,,2095.23,157.3,245.25
20,224,134.5,0,234,172.5,80,169,53.5,308.5,31,126,35,718.95,122.4,77.1
,,,,,,,,,,4.5,310.5,366.6,345.07,896.1,592.76
,,,,,,,,492.2,474.3,383,517.4,54,143.83,104,350.98
,,,,,,191,538,198,107.5,231.5,739,341,30,51,140.95
21,5,8,0,0,5.5,0,221.5,604,139,205,139,577,405,240,0
,,,,,,0,0,168,109,11,953,285.7,536,325.95,183
,,,,,,,,,,,861.5,23,517.5,89,1084.45
123.5,224.5,130,0,418,73.5,452.6,397,0,454,71.4,134.5,70,21,10,0
41,110,207,0,401,-124.5,152,123.7,81,131,40,106,357.5,143,829.94,-11.99
,189,30,0,229,106,198.2,75,86,278,105.5,370,261,241.5,424,6
305,140,156.5,0,127.5,189,165.5,10,31,519.36,131,10,365.5,261,104.5,87.5
,,,,,,,,,708,115,510,176,442.5,176,478.95
91,55,352,0,597.01,70,373,140,39,207,15,299.5,226,36,92,26
10,59,84,0,20,149.5,45,148,25,30,96.5,75.5,95.75,147.5,1504.75,151.99
,,,,,,,,,,,,1361.11,1101.85,0,191.25
95,10,110,0,70,10,495,66,121,728,41,20.5,238,30,574.95,48
85,55,65,0,182.1,546,60,196.5,129.5,225.8,118,104,187,149.75,435.75,122
303,80,224,0,126,37,345,85,347,74,29,158,187.5,85,149,437.99
,,,,,,,,,,,566.8,260.9,262.5,727,851.7
469.5,45.5,32,0,583,20,165,212,202,362.16,21,35,90,419.71,18,6
107.5,238.5,161,0,200,423.5,353.5,142.5,162,266.5,69.5,79.7,133.49,220.97,68.25,56.25
415,301.1,93,0,77,226,374.2,13,284,258,4,12,165.5,9,391.95,63.5
10,5,10,0,10,89,742,20,30,315,126,163,233.5,52,616.95,271.95
67.5,142,144,0,223,34,62.5,30,101,85.2,232,363.5,922,62,32,195
,,,,,,,,22.5,269,59,182.6,1138.42,755.33,108,163.75
323,536,205,0,478,175,250,40,701.6,0,0,0,0,0,0,0
0,319.2,110,0,0,0,1719.72,0,135,40,0,216,59,10,70,38
89,190,78,0,143,496,79.6,41,134,257.5,18,580.5,153,304,90,82
228,186.5,158,0,247.5,13,289.6,180,235.3,226,195,334,165,83,205.3,0
99,135.5,5,0,190,79,52.5,10,60,47.5,12,161,352.5,175.2,1121.85,252
0,0,0,0,0,159,50,10,249,198.9,50.5,407,597.05,49,45,939.99
351.65,258,192.5,0,500,132,254,206.5,268.5,80.5,22.5,134.3,49.8,92.2,131.4,100.6
25,70,943,0,55,151,408.7,421.78,22,250,12,410.17,5,5,11,5
0,74,0,0,234.1,170,500,440,182,90,0,385,171.75,131,369.5,52
326,74.5,83.5,0,17,47,115,264,385.5,21.5,0,40,0,1246.79,186.5,0
,,,0,0,15,45.6,5,90,525.44,50,80,112.3,338.66,618.15,929.1
36,126,0,0,0,5,0,0,16,2036,101.39,107.69,229.88,83.58,6,80.3
136,54,182,0,71,48.5,54.5,142,71,134.5,40.5,368.5,786,299,339,126
288,151,35.5,0,47,-37,63,425.5,164.5,294,213,534.5,639.75,-261,174.6,133.75
9,992.25,0,0,653.5,100.5,0,0,0,192.5,5,390,0,519.5,0,4.5
0,30,0,0,0,0,0,0,70,2774,0,0,29,0,0,0
43,152,269,0,334.9,640,30,40,311,228,62.5,48,74,85,299,321.75
5,615,5,0,73.5,49,7.5,904.5,180,40,10,0,0,580.1,0,492
65,115,102,0,271,142.92,310.15,120,323.08,67.5,19.5,91,172.66,255.5,764.57,171
55,61,15,0,194,247.5,0,16,53,2208,101.5,46,0,0,0,0
0,0,15,0,6,0,0,42,0,0,0,5,20,2890.94,20,0
,,,,,,,,2958.7,47.5,0,0,0,6,0,0
,,,0,70,749,362,0,0,438.5,90,194,581,449,78,12
179,1772,147,0,386.58,0,0,0,447,0,0,0,98.5,0,0,0
63,355,68,0,75,319.5,183,82,1066.4,26,191,50,141,120,97,200
0,0,488,0,0,14,0,0,40.6,0,0,0,0,0,844,1660
157,0,0,0,20,350,65,95,30,30,75,525,301,445,735,219
125,50,77,0,895.1,180,330,53.6,87,34,6.5,39.5,70,252.9,274.75,577
636,1314.7,0,0,0,540,0,40,0,0,0,0,0,0,538.1,0
,,,,,0,39,27,144,582.2,117,233.5,108.3,989,277,569.85
349.1,202.46,196,0,98,221.3,458,171,519.5,436.55,10,20,15,21,119.95,249.5
94.5,13,278,0,517,212.5,12,5,868.5,240,86.7,229,177.9,78,168,113.99
659,415,0,0,182,861,33,219,0,220.2,75,83.5,190,133,51,0
43,164.25,102.5,0,0,0,175,5,10,0,0,0,2640,32.95,0,0
,,,,,,,,,,37,589,507.25,74.5,451.99,1526.49
0,10,1035,0,57,455,252,230,347.4,389,40,3,225,47.5,32.75,62.6
,,,,100,0,0,61,68,92.5,143,421.5,187.5,1170,434.55,513.4
,,,0,510,595,879,303.5,285.5,607,36.5,0,0,0,0,0
355.5,3,0,0,8.5,0,43,312.2,0,192.7,25,154,316.95,1214.25,462.46,138
10.5,215,219.5,0,205,424.5,235,0,150,300,71.5,352.3,278.45,140.5,185.5,444.25
,,,,,,,,409.85,179,225,283,456.49,933,107.75,664.5
,,,,719.6,281,152.5,110,269,762.5,300,10,299.75,177,113,93.75
95,130,102,0,135,59,259,208.28,1959,42,79.5,47,62,72,6,50
374.15,252,409.5,0,248,53,261.2,938.6,51,175,74,66,213.75,56,79,55
254,116,43,0,90,27,241,72,218,519.6,125.5,153,279,245,645,311
131.5,23,125,0,0,84,503.5,60,76,62.5,44,307,630,131,758.25,406
,,,,,,35,203,1492,928,12,151,280.16,42,168,52.5
260,430,85,0,739.1,70.4,5,67.5,398,115,32,460.5,85,321.1,124,173
78,126,237,0,160.3,164.4,384.2,75,255.5,257,11,154.5,120,301.5,901.25,142.5
154,144,85,0,109,0,0,40,59.5,230,170,330,349,1248.39,299,155
0,628,209,0,148.5,254,197,179,106,238,347.5,238,271.5,357,195.7,5
,,,,,,,,,,,,,814.05,60,2502
30,580,99,0,0,0,809,0,1819,0,0,5,36,0,5,6
0,50,0,0,0,50,10,0,0,2158,764,0,12,0,348.61,0
470,477.2,17,0,423.1,249,853,85,87,293.5,45,22.5,144,67.5,61.5,104.5
7.5,67.5,195,0,276,169.5,448.5,363,390.5,265.5,242,188.5,313.75,161.75,188,135
198.5,102.5,57,0,151,70,41,12,215.5,215,99.5,239.5,1572.8,162,177.5,100
0,0,5,0,110,75,343.56,5,155,12,142,102,355.4,113.5,1997.44,6
111.5,123.5,265,0,436,130,253.5,259,63,427,79,452.5,149,368.2,86,220.5
,,,,,,,0,224,173,379,517,309,1283.95,542,0
109,796,25,0,0,15,25,5,187,73,44,623.98,467.95,143,96,921.91
279.3,265.7,290.98,0,84,417.2,274,38,489,214.7,30,261.2,470.95,47.5,381,0
45,677,42,0,75,281.4,241.6,92,57,673.66,457.55,10,428,80,146,245.99
115,40,982,0,731,0,71,399.5,82.5,90.5,333.5,316,104,62.29,82.5,153.85
40,31,599,0,0,0,200,180,0,0,6,92.5,1447,40,636,314.95
238,140,99,0,84,89,70,40,72,632,100,199.5,347.5,164.25,1159.95,169
306,590,106,0,211,299,433,50,57,422,41,288,668.95,35,64,42
120,75,37.5,0,107.5,202.5,20,70,98.5,234.5,6,36,2057,140,33,386
108,409.5,0,0,0,1154.4,274,190,228,75,0,0,0,643,426.49,117.25
129.5,270.4,0,0,38,566.1,0,187,73.5,173.9,30.5,60.5,306,108.5,862.27,823.74
,,,,,,,,110,26.5,12,0,158.5,18,258.5,3054.92
,,,,,,,,368.5,190.5,20,478,213.75,472.81,1039.56,893.44
95,5,55,0,20,10,20,30,48,15,35,142,52,1166,1861.65,134
,,60,0,339.1,289,493,229,234,243.3,93,290.5,180,254,409.5,581.95
593.5,0,319,0,175,69.5,114,309,281.5,537,58,344,103.8,162,533.63,107
,,,,,,,,,,,,375.45,2392.5,815.44,152.95
526.5,219,178.5,0,121,166,253,107.5,289,185.5,184,276.5,347,186,473,263
714.5,-138,410,0,277.5,239,643.2,58.5,545.5,363.65,172.5,37,342.5,92.5,45.25,8
34.5,374,45,0,419.5,150.5,332.5,726.9,122.5,356,133.5,225,379.5,143,174,231.95
33.15,40,0,0,50,455,540,135,610,135,428,174,506,129,595,30
3,8,124,0,228.8,61,2396,0,36,269.5,26,187.5,95,80,271,94
,,45,0,248.5,45,249.5,132.5,140,184.5,34,89,1513.2,558,521.99,125.6
172.07,437.8,84.9,0,430.9,800.19,2,0,34.95,241.58,28,526.3,4.16,389.68,270.03,465.51
75,29,5,0,99.5,30,2177,409,115,171.5,25,68,374.3,15,139,174.5
315,207.8,208,0,247.2,316,486,578.4,378,49,58,99,37,250.5,331.25,367.95
99.5,164,522,0,381,306,323.5,237,324.5,349.5,44,145,379,226,301,144
0,0,1464.4,0,676,45,300.5,157.5,154,389,75.5,7.5,138,218.5,94,246
547,268,210,0,338,71,151,212.64,164,147,183,11,12,0,1713.99,21
686.65,6,1388.6,0,649,213.4,231,44,307,0,55,30,195.5,20,10,220.5
20,20,25,0,52,27,184.8,78.6,708.6,41,18,117.6,-40,839,1103.99,867
40,1901.7,0,0,87,532.15,494,75,581,358.5,6,0,0,0,0,0
,,,,,,1521.9,326.6,400.7,442.3,50,151,177,339.95,334.5,369.95
,,,,,78,134.1,270,96.5,192.3,122.5,333,197.5,2446.8,92.8,157.8
680,196.5,542,0,187.1,204,237,312,274,139.5,16.5,0,623.5,351.5,65,301.5
393.3,409.6,135,0,637.8,211,431.8,981.4,232.2,262.55,40,0,102.5,123.5,5,182
,,,,,,,,,,,,,528.4,1214.4,2408
210,624,649.3,0,282.1,265.36,110,507,352.3,294.2,14,62,189.75,226.75,360.49,18
,0,252.18,0,20,117,2118.54,0,0,12,0,125.75,966.5,196.96,11,346.95
6,282.5,0,0,56,9,0,0,34.5,2494.26,0,13,1268.76,12.3,0,23.75
271,278.1,69,0,30,214,1751,433.5,109.5,106,4,147.5,293.75,180.75,86,230.2
239,17,349.3,0,25,65,140,39,159,0,15.5,235,189,1755.73,554,425.95
0,120,16,0,0,2542.7,967,0,0,485,0,91,6,0,0,0
129,140,164,0,375.5,118,387,136.5,53,110,83,376,1026,792,234,110
1103.3,416.5,196.5,0,490.5,311,11.5,257.5,235.5,223,0,34,31,235,372.75,368
420,3459,110,0,0,0,5,171.4,40,90,0,0,0,0,0,0
,,,,,,,,,,,,,639.04,241.55,3420.78
436,702,330,0,534.6,607.5,350,80,221,148,0,0,172,36,66,637
,,,,,,274.5,33,181,171.5,17,220.5,126.7,2305.03,641.95,349.25
37,520.5,54.5,0,236.94,373.5,107.5,99.5,138,159,0,338,920.7,270.6,716.5,354
0,101,594,0,35,146.4,59,1818,46,463.5,68,243,341,213,148,65
0,0,0,0,62,0,0,0,96,10,199,6,107,3733.9,137.5,0
196.5,102,372,0,301.5,347.5,403,179,321.5,168.5,44,507.5,256,587.5,341.6,230
148,109,249.9,0,12,709,1795.6,109,60,10,41,194.5,312.5,176.5,349,109
20,48,2,0,0,5,137,638,397,210,685,919,425,765,154,0
150,344,279,0,185,1199.8,140,115,78,350.4,12,867,42,244,360,54
554.2,1347,193,0,273,398,590,248,231,258.5,153,99.5,101,0,0,0
369.5,187.5,186,0,507.5,70,388,55,741.5,162.5,29,241.5,247.7,840.65,194.75,231.95
0,4,5,0,16,0,448.6,9,179,307,14,2505,111,331,5,559
172,20,125,0,140,15,65,232.5,46,88,112.5,111,59,222.5,61.75,3031.6
57,340,302,0,389,585.2,305,101.1,169,480.1,402.5,291,638,214.5,203.75,25
,,,,,570.5,215.5,0,0,0,0,0,3472.89,249.5,0,0
134,154,362,0,2087.3,0,202,193,516.5,201,199.5,31,121,259.5,9,55.5
168.5,324.7,13,0,184.8,257,297.4,494.6,280,282.6,74.5,282,45,1529.5,290,5
195.5,173,945.5,0,376,52.5,147.6,130,573,177.5,26.5,191,92,367,520,603
378,393,60,0,234,85,50,6,0,0,5,30,650.95,169,2570.9,0
364,418,503,0,531,341,767,100,178.5,495.2,3,87,245,46,521.95,47
0,0,0,0,0,285,111,1072,416,2188.7,192.5,74.5,319.5,6,5,24
350,1746,120,0,607.4,156.5,828.5,0,18,0,78,460,52,108,22,155
,,,,,,,,,,,,,520.19,737.35,3479.9
9,30,33.5,0,19.5,3098.74,173.6,389.46,13,371,126.5,55.5,68,111.5,23.5,216.8
1149.75,469,318,0,309,4,750.5,484.5,380,226.5,256,50,214,50,78,3
236,396,214,0,654.5,850,365,309,93,228,82,250.5,242,197,291,337
381.65,234,132,0,454,334.5,809.5,157,355,222,36,486,296,405.95,233,212
227.5,986,255.17,0,978,125,253,295,494,318.6,144.5,173,187.95,67,86.75,189
0,2215.8,0,0,0,1440,17,22,0,29,28,12,0,1071,-670,633.5
10,106,344,0,492.5,554,558,90,74,839.2,113,231,281,381,615,120.5
86,127,327,0,200,234,1688.6,443,264.6,141,20,137,193.75,68,393,489.95
0,154,564.5,0,26,741.5,358.5,0,570.5,690,930,115,186,153.95,312,15
405,709.5,338.5,0,454.1,606.68,437,12.5,84,261,74.5,348,191,516.8,262,128
332,5,235,0,42,48,253,63,461,149,74,623,2005.24,47,409,94
30,72,346,0,164,99,1512.62,183,31,68.5,527,270,285.3,530.46,241,507.99
413.15,150,50,0,604,219,72,25,94.5,2788.5,50,54,145.25,80,117.9,46
,,,,,199,252.5,175.5,79,193.5,8.5,2788.48,220.7,55,898.5,38.75
40,0,375,0,32.5,156.5,189,-15,443,480,127.5,773.5,661.5,576,600,480
445,210.2,652.1,0,539.5,377.5,490,113.5,2,0,187.5,361,1483.8,0,52.5,5
,,45,0,74,2796,995,40,59,54,18,36,18,714.5,48,30
,,,,,,,,832.5,1176,1144.5,964.5,344.05,95,314.2,57
2822,141,247.4,0,387,2,4,0,0,269.7,24,102,28.25,59.5,481.95,468.45
0,0,0,0,130,238.4,197.8,109,85,275.4,0,3807.5,88.95,126.5,0,0
25,20,42,0,35,15,25,36,42,48,278,6,18,2013,2479.73,0
,,,,,,,,,70,0,0,3692.72,701.94,539,119.5
82,161.5,275.9,0,32,478,1433,92.5,5,317,12,884,681.5,121,535,45.5
664,513,592,0,645.5,549,35,100,18.5,530.5,57,266,508.6,218,356.45,111
300,478,499.58,0,798.5,708.5,150.5,329,206.5,840.5,13,493.5,41,146.45,86,107
625.36,243.4,247.4,0,672.41,114.8,732.2,122,240.62,575.95,164.62,190.66,354.38,488.39,345.74,143.36
303,264.6,119,0,633.5,119,89,1888.6,45,0,209,230,589,498,182,140
311.65,959.1,205.4,0,65,2619,48.6,228,0,83.3,60,252.5,152,119.5,135,76
114,27.5,5,0,197,100,397,55,103,0,0,0,188,60.95,1817.99,2254.09
45,75.5,159,0,274.4,42,710,63,99.5,100,57,657.5,461.5,144,2173,284
98,554.2,276.1,0,2523.5,266.5,481,62.5,0,404.5,0,53,0,0,232.5,448.95
1860.6,403.25,171,0,132,435,580,185,110,99.5,64,232,564,184,310,75
384,90,853,0,40,218,40,159,89,135,35,727,0,227,25,2398.45
,,,0,255,249,272.5,405,94,290,0,147.8,906.05,358.25,520,1926.5
415,26,20,0,30,8,227.5,25,2047,1653.15,18,409,304.75,72,24,169
-8,6,-3,0,0,6,5,29,16,79,15,10,56,25,302.25,4917.49
569,808.5,40,0,485.4,109,1188,280.5,144,449.7,173,408,471,-111,329,131
13,918,111,0,50,127,52,84,47,3291.42,163.5,138,120.5,314,58.8,15
,,,,,,,,,,,,,,,5539.17
25,118,59,0,49,48,3877,65,31,30,21.5,438,40,47,500.98,191
238,25,0,0,28,90,0,180,0,36,10,3465,772,614.6,10,75
602,159.5,544.5,0,485.5,193.5,891.5,137,285,271.5,63,379,436.5,377.45,247.5,482
322.5,164.1,202,0,164.5,172.5,270.2,105,459.5,502.3,190.5,818,134.8,878,708,500
,,,,,,584.6,303.9,89,19.5,11.5,530.5,110,2023,1218.5,703
1146.07,955,150.66,0,71,50,83.37,59,315,114,0,155.5,249,1191,556.45,509
610,558,185,0,69,1090,572,44,76,139.8,119,81,394,729.95,828,136.45
178.5,265,3165.1,0,220,5,280.5,160,337.8,119,134,27,132,141,404,77.8
91.5,151.5,121.22,0,52,69,124.5,144,356.5,80,38,975,2927,275,80,174
236.5,151,651,0,169,38.5,245.5,0,31.5,174.5,295.5,406.5,2511,171,380.95,211.5
0,0,0,0,0,25,225,158,309.5,96.3,0,125.5,3094,1634.73,12,0
53,488,245,0,398,413.5,126,83.5,539,660,85.5,328.5,316.55,458.5,942.2,570.5
290,198.5,732,0,61.5,554.9,343.2,552,157.9,859.88,46,264.5,784,554,311.75,3
0,0,497.5,0,0,109.5,473.5,0,0,2532.5,389,762.5,342.5,661.5,0,4.5
32,360,705,0,410,899,295.2,342,140,162.5,20,171,527.05,85,1107.5,519
0,40,215,0,3305.6,972,407,2,151,296,6,120,0,3,246.4,12
333,373.5,1033.6,0,626,304,371,0,40,222.5,19.5,130.45,635,1217,415.41,60
0,21,10.5,0,432.65,150,935.61,38.5,144.5,160.5,109,539.6,604.5,116.5,2374.85,156
629.65,810.8,0,0,228.5,664,602.5,109.2,405.5,299.5,45,0,1024,905,36,40
563,608.1,20,0,965.1,482.5,15,428.2,148,198,371,147.5,1008.8,202.95,719.3,77.95
,,,,,,,,,6028.2,0,0,0,0,0,0
339,679,85,0,585,491.9,699,0,405,266,284,198.5,716.5,731.45,570.3,0
250,181,0,0,79,39,40,109.5,85,40,189,326,180,44.95,2740.96,1769.94
1139,325,466,0,214,531.5,642.5,331.5,341,307.5,131,509.5,536.25,169,94.85,402.7
313.5,23,176,0,64,118.5,598,83,321.5,224.5,158,200,2869.73,131,727.45,137
336,174,270,0,405,117,620.1,172,293.5,578.8,288.5,488.5,663.1,329.75,544.2,891.5
29,9,0,0,310.5,894.3,2.5,0,286.8,332,0,209,87.5,2467.45,34.5,1525
,,,,,102.5,1084,91,288,241.2,28,103,109.5,1521,1972.91,683.5
747,437.5,1230.5,0,117.5,547,90,27.5,501.3,2265.3,0,49.3,36.5,0,46,150
15,117.5,299,0,110,4721,65,30,91.3,158,18,191,261.5,86.75,71.95,60
54.5,29,137.98,0,301.5,449.3,393.1,362.5,290.9,1161.55,294.5,485.8,260,468.5,476.68,1189
388,98.25,793,0,219,762.1,1229.2,47,435.5,142,173,753,590.2,82,213.75,521.9
113,107.5,238,0,194.5,44,439,320,2759,110.5,605,1014.8,83,115,67.5,267.3
55,381,108.5,0,287.5,77.5,160.6,5,75,91.5,40,89,807.5,80,227,4042
264,74,50,0,30,414.3,380,50,4595,137.3,45,117,220.5,56,82,35
78,239,375,0,675,161,236,144,106,159.3,3212.91,700.99,206,130,105.99,89
,,177.4,0,1000,196,136,70,2608,180.3,210.2,1367.99,35.75,379,227,82
11,223,73.5,0,0,135.4,135,462.5,1531,941.9,139.5,1065.8,475.3,106.6,381.85,1012.95
454.3,836.5,3785.96,0,140,22,164,35,20.5,29,0,795,112.75,15,85.5,216
255,610.6,327.5,0,1337.6,148,212,40,745.5,877.1,404,730.5,413.8,249.95,308,173.95
,,,,,,,668,362,2259.9,123.5,680,572,832.15,1099,328
294,113,433.5,0,0,860.5,4.5,370.5,238,1058.9,130,53.5,230.8,132.8,3155.95,102
54,36.5,28.5,0,629,954.4,652.3,44,716.4,975.5,237.5,1707,234.8,265.9,47,604.25
130,134.5,473,0,60,210,298,331,3235,131,44,1116,660,210.95,99,102
313,210,524,0,466,29,934,284,415.5,208,486,659,657.95,495,1469.98,262.99
654.1,482,650.25,0,4181.5,144,25,35,164,305,39,218.5,280.5,198.46,47.95,12
0,287,7.5,0,0,0,0,0,0,0,0,961,1179.6,1932.04,2371.99,706.44
104,210.75,431,0,3556,201,1017.6,175,88,18,425.2,55,71.95,448.49,685,13.5
0,0,0,0,259,629,1305,1533.5,890.5,1212.5,526,29.5,744,524.75,0,0
0,3546.2,30,0,0,0,175,25.5,169,101,0,188.5,1232.9,419.65,191.9,1579.99
142.5,762.5,0,0,0,596,30.5,0,0,327,0,2188.5,11,1161.5,1028.5,1532.1
96.75,147.45,55.1,0,357.73,1982.68,316.8,528.95,3815.22,440.8,0,6,-6,0,37.5,5
509.15,467.2,655,0,3507.1,89.5,228.5,71,391,313.5,67,623.5,161,171,324.75,242.85
400.5,101,316,0,183,373,2433,178.5,62,214.5,52.5,623.5,116,103,152.95,2650
479,135,6,0,51,276,147,30,97.3,135,756,973.5,1552.9,735.49,1139.5,1522.5
1184.95,198,812,0,1352.85,346,597.2,197.2,448,174,245,293.5,284,1065,253.85,910.9
368,594,332,0,84,516.4,490,265.5,250.5,243,485,1199.5,875.75,987,1027,875
877.5,435,603,0,353,556.5,773.5,0,346,1097,375.5,34,0,1474.45,1753.9,175.3
,,,,,,,,,,,,346.5,4147.9,1267.36,3160.95
772,1148,755,0,609,935,351,610,250,750,225,683.2,348,244.5,538,724
267.5,120,331.5,0,366.9,552,245.5,750,493.5,427.5,2790,624,633.25,382.13,847.5,302.5
137,236.5,289,0,1050,197.5,531,168,314,609.5,82.5,3410.5,153.75,1378.15,594.75,41
221.5,412.5,895,0,290.5,166.8,86,417,1134.9,198,181,307,3058,394.75,598,896.99
130,504,82,0,2095.8,208,114,66,74,72,42,78,489,153,5444.39,-248.95
387.15,165.5,215,0,177,330,5228.6,730,173.5,1118.43,33.5,742.4,344.5,185,170,195
462.5,594,310.5,0,1087.5,1014.5,217.5,224,618.5,1242,195.5,1061.8,1441.4,950.55,236.4,605.5
874.8,500,506,0,1469.99,647.5,1706.1,427,560.5,395,753.5,1051.95,145.5,210,1015.49,121.5
1498.95,669,431,0,1235.4,631,210,738,812.6,578,256,790,205,3335.65,137.5,53
843,795,205,0,2763,501.5,1051,177,1130.4,265.5,15,1240,597,1187.9,40,823
0,1561.9,974.8,0,262,1565.8,845.6,0,0,906.6,572.8,2381.49,433.5,871,429.5,1468.05
1528.5,912.5,330.5,0,680.5,732.9,658,694.5,707.5,539.5,327,1985.35,409.8,1209.25,961.91,1252.97
651.5,850,193,0,335,397,678.7,514,833,793.4,133,736.5,2997.22,1928.24,1235.95,931.5
95,182,104.5,0,273,66,201.6,55,420.5,163,183,5337.97,1711,1365.31,2382.02,878.01
817,198,1274.35,0,560,591,1272,498,554.8,298.5,268,586.1,2375.75,201.46,3322.25,729.95
1605.5,961,2502.4,0,1648.2,4132.5,191.5,122.5,23.5,440,461,161,160.5,399.5,786,628.5
900.5,1440.5,2201,0,2664.6,1177.5,1023.5,1240.6,681.1,887.5,516,521,1012.6,528,543.36,219.5
2233.9,3228.6,1022.1,0,1358.5,359,461,18,2518.5,705.6,433.6,2347,142.5,289.56,107,515
736.6,422.5,328,0,1452.4,464,925.62,100,2380.2,1110.9,904.5,1119.18,3734.55,556,455.5,1185.7